ID,tanggal,stasiun,pm_sepuluh,pm_duakomalima,sulfur_dioksida,karbon_monoksida,ozon,nitrogen_dioksida
2025-09-01_DKI1,2025-09-01,DKI1,33.791035,40.197037,18.708458,13.741176,20.522741,22.852695
2025-09-01_DKI2,2025-09-01,DKI2,40.884068,67.61493,35.55275,10.399813,79.17037,20.036612
2025-09-01_DKI3,2025-09-01,DKI3,34.77779,41.45234,35.788425,7.048054,47.121265,17.600315
2025-09-01_DKI4,2025-09-01,DKI4,37.775208,73.308556,32.224873,9.565268,43.477642,14.151758
2025-09-01_DKI5,2025-09-01,DKI5,22.931181,57.44206,13.914149,14.560773,64.15185,13.590721
2025-09-02_DKI1,2025-09-02,DKI1,36.241123,41.668648,16.156858,13.790157,23.713442,20.234055
2025-09-02_DKI2,2025-09-02,DKI2,41.39764,55.67715,28.132347,9.571663,67.11905,21.516329
2025-09-02_DKI3,2025-09-02,DKI3,37.97213,42.206585,38.421368,6.805878,58.106876,18.211775
2025-09-02_DKI4,2025-09-02,DKI4,45.86632,60.273235,39.78178,8.072697,39.501762,13.576419
2025-09-02_DKI5,2025-09-02,DKI5,24.671701,60.32955,13.862058,15.697717,68.975296,14.151925
2025-09-03_DKI1,2025-09-03,DKI1,35.22772,35.963352,20.886774,14.26871,30.110975,24.528538
2025-09-03_DKI2,2025-09-03,DKI2,47.204834,62.506016,34.68698,7.300926,80.44586,21.034348
2025-09-03_DKI3,2025-09-03,DKI3,33.111637,47.830795,28.276636,5.7743125,54.88856,19.506294
2025-09-03_DKI4,2025-09-03,DKI4,36.84566,42.07365,35.856144,7.3274302,33.844765,14.562013
2025-09-03_DKI5,2025-09-03,DKI5,29.723913,46.55605,10.985805,14.146954,61.637928,12.916323
2025-09-04_DKI1,2025-09-04,DKI1,38.299377,34.02412,24.905005,13.4821205,33.635906,27.214893
2025-09-04_DKI2,2025-09-04,DKI2,42.185574,58.18943,24.005182,7.277057,81.6088,19.513174
2025-09-04_DKI3,2025-09-04,DKI3,27.622204,47.469994,30.564117,4.0050507,51.443035,20.483713
2025-09-04_DKI4,2025-09-04,DKI4,43.453876,50.313114,35.18415,8.990489,20.883635,8.707003
2025-09-04_DKI5,2025-09-04,DKI5,28.62468,51.659176,19.822712,13.651803,59.889435,11.691376
2025-09-05_DKI1,2025-09-05,DKI1,45.500675,31.335716,18.829683,13.128612,27.964518,28.756256
2025-09-05_DKI2,2025-09-05,DKI2,39.96423,61.911175,26.214138,6.661023,87.37276,19.080553
2025-09-05_DKI3,2025-09-05,DKI3,30.785105,44.42513,31.096418,2.4918425,64.49774,19.579042
2025-09-05_DKI4,2025-09-05,DKI4,42.868446,65.43713,33.000854,8.151575,8.021413,8.811953
2025-09-05_DKI5,2025-09-05,DKI5,29.391226,47.499023,18.30302,11.4275875,60.48734,10.316372
2025-09-06_DKI1,2025-09-06,DKI1,43.075287,37.315254,13.826833,10.82828,29.468237,24.908888
2025-09-06_DKI2,2025-09-06,DKI2,37.5698,52.43392,26.884844,6.464308,98.10501,18.35254
2025-09-06_DKI3,2025-09-06,DKI3,29.949087,50.59827,33.367756,2.281586,73.85411,23.858833
2025-09-06_DKI4,2025-09-06,DKI4,36.722065,59.794205,33.81995,9.01565,12.561377,5.5004587
2025-09-06_DKI5,2025-09-06,DKI5,31.07323,31.609753,23.74537,9.747182,69.45295,11.134562
2025-09-07_DKI1,2025-09-07,DKI1,40.892517,35.032772,8.484876,6.296826,27.612692,30.254726
2025-09-07_DKI2,2025-09-07,DKI2,28.844294,51.560787,29.092812,5.172494,90.17846,12.515424
2025-09-07_DKI3,2025-09-07,DKI3,34.087105,55.7957,30.54048,3.6790726,75.82388,23.602339
2025-09-07_DKI4,2025-09-07,DKI4,39.37024,69.428535,37.663788,5.450756,25.744242,2.4137797
2025-09-07_DKI5,2025-09-07,DKI5,28.833094,45.47451,24.995125,10.313625,56.511795,15.463803
2025-09-08_DKI1,2025-09-08,DKI1,48.11927,38.47266,15.825885,7.579236,26.504519,26.387053
2025-09-08_DKI2,2025-09-08,DKI2,31.78249,54.014076,32.594193,6.653657,86.0986,16.042667
2025-09-08_DKI3,2025-09-08,DKI3,36.555344,41.16381,36.179382,4.606974,64.23251,19.228304
2025-09-08_DKI4,2025-09-08,DKI4,40.26311,75.57067,25.338371,3.0460775,35.56924,4.7636075
2025-09-08_DKI5,2025-09-08,DKI5,28.967846,44.35742,25.419527,10.592331,65.19123,13.875834
2025-09-09_DKI1,2025-09-09,DKI1,50.508728,50.685314,16.411882,6.573589,22.820433,28.576954
2025-09-09_DKI2,2025-09-09,DKI2,34.21183,53.328293,37.789406,7.636577,88.59474,18.746685
2025-09-09_DKI3,2025-09-09,DKI3,35.928104,31.66412,31.69634,7.075476,60.870945,18.438768
2025-09-09_DKI4,2025-09-09,DKI4,36.537773,65.255,29.104477,2.9383698,47.2882,2.4982934
2025-09-09_DKI5,2025-09-09,DKI5,28.361631,45.891594,22.20624,12.081577,65.889015,15.309873
2025-09-10_DKI1,2025-09-10,DKI1,46.389774,57.170586,16.46368,8.022192,22.080778,27.094652
2025-09-10_DKI2,2025-09-10,DKI2,34.828648,70.76414,37.598854,3.974866,89.42028,20.507967
2025-09-10_DKI3,2025-09-10,DKI3,31.326077,33.367332,37.736614,6.6505,60.906944,17.041588
2025-09-10_DKI4,2025-09-10,DKI4,36.981487,64.65486,28.842165,5.2796674,46.150906,2.9548602
2025-09-10_DKI5,2025-09-10,DKI5,28.1087,50.99782,21.964249,14.564128,55.17876,18.384817
2025-09-11_DKI1,2025-09-11,DKI1,47.812363,52.744564,18.576399,10.330705,26.60185,24.840916
2025-09-11_DKI2,2025-09-11,DKI2,33.91379,76.25542,29.031404,6.1944146,79.07113,25.453426
2025-09-11_DKI3,2025-09-11,DKI3,23.699236,33.687286,35.58598,7.855224,56.779022,20.3897
2025-09-11_DKI4,2025-09-11,DKI4,34.802013,65.83057,33.968548,5.2802486,39.88508,5.543657
2025-09-11_DKI5,2025-09-11,DKI5,24.88618,62.37082,18.818842,14.047523,51.36308,16.81877
2025-09-12_DKI1,2025-09-12,DKI1,43.993748,49.320553,15.314662,10.642623,21.290209,20.338287
2025-09-12_DKI2,2025-09-12,DKI2,25.84913,77.32186,37.07297,6.772833,77.05433,22.146164
2025-09-12_DKI3,2025-09-12,DKI3,22.408215,33.218243,26.865835,6.5313144,60.364403,21.073645
2025-09-12_DKI4,2025-09-12,DKI4,35.667007,74.55974,35.566174,7.4757485,40.415833,6.622167
2025-09-12_DKI5,2025-09-12,DKI5,24.729126,55.25842,20.748762,14.550717,42.13668,17.502033
2025-09-13_DKI1,2025-09-13,DKI1,40.545265,51.07318,15.041066,11.434582,21.303373,23.999416
2025-09-13_DKI2,2025-09-13,DKI2,24.691202,57.386665,33.842667,7.8369823,71.87272,23.067738
2025-09-13_DKI3,2025-09-13,DKI3,28.043165,39.081837,25.402609,7.771729,57.85481,18.907944
2025-09-13_DKI4,2025-09-13,DKI4,39.554092,75.49447,28.333145,8.736495,39.980896,6.8670363
2025-09-13_DKI5,2025-09-13,DKI5,26.21642,67.92522,19.76084,13.190425,40.517204,12.465762
2025-09-14_DKI1,2025-09-14,DKI1,41.02869,39.843876,11.384987,8.929104,29.763536,21.005693
2025-09-14_DKI2,2025-09-14,DKI2,24.126987,62.109947,38.207893,9.07049,75.47038,25.384878
2025-09-14_DKI3,2025-09-14,DKI3,29.763927,51.76805,34.848724,7.815765,57.010994,18.717121
2025-09-14_DKI4,2025-09-14,DKI4,48.287468,55.963646,23.2725,10.531462,54.27137,6.8907075
2025-09-14_DKI5,2025-09-14,DKI5,30.833502,66.37449,19.37497,11.926683,47.171925,17.025475
2025-09-15_DKI1,2025-09-15,DKI1,30.539583,34.600807,14.175456,10.899593,26.280245,18.27794
2025-09-15_DKI2,2025-09-15,DKI2,20.800875,75.06244,36.42378,10.397826,56.59591,24.947126
2025-09-15_DKI3,2025-09-15,DKI3,23.697151,44.24019,27.233831,9.3096485,54.56944,19.144276
2025-09-15_DKI4,2025-09-15,DKI4,40.14688,77.68455,29.479773,14.092466,50.51263,7.315246
2025-09-15_DKI5,2025-09-15,DKI5,33.29699,58.43281,25.877264,11.369252,55.452812,18.310993
2025-09-16_DKI1,2025-09-16,DKI1,22.054134,38.052067,11.393765,7.9323754,23.564356,20.083649
2025-09-16_DKI2,2025-09-16,DKI2,21.738321,67.18461,39.80599,8.448822,69.36157,25.47409
2025-09-16_DKI3,2025-09-16,DKI3,25.639088,43.458683,23.01004,9.160654,52.330925,15.346058
2025-09-16_DKI4,2025-09-16,DKI4,51.920532,81.37798,33.37849,14.943475,52.651855,5.512115
2025-09-16_DKI5,2025-09-16,DKI5,39.6208,59.16194,21.666508,9.037859,50.921703,21.416279
2025-09-17_DKI1,2025-09-17,DKI1,20.310198,37.436615,13.351909,7.593879,27.715399,22.815372
2025-09-17_DKI2,2025-09-17,DKI2,26.049017,65.08064,39.067856,11.121736,60.410545,23.735245
2025-09-17_DKI3,2025-09-17,DKI3,28.493475,43.017326,25.792072,5.733651,53.934597,17.477026
2025-09-17_DKI4,2025-09-17,DKI4,39.36937,69.49168,32.025414,13.883782,53.264706,8.876667
2025-09-17_DKI5,2025-09-17,DKI5,35.26655,53.386776,17.113611,6.7175164,37.127033,21.304306
2025-09-18_DKI1,2025-09-18,DKI1,16.457008,49.300278,17.492945,6.3355045,27.412786,25.041012
2025-09-18_DKI2,2025-09-18,DKI2,39.017994,34.51107,36.56494,9.908214,56.42422,25.430674
2025-09-18_DKI3,2025-09-18,DKI3,24.441559,44.0544,22.075111,7.0266347,53.038364,15.089439
2025-09-18_DKI4,2025-09-18,DKI4,38.274345,52.821526,34.959595,13.736807,53.456573,6.5090966
2025-09-18_DKI5,2025-09-18,DKI5,36.987648,52.789764,15.455659,5.9044323,31.762697,16.933424
2025-09-19_DKI1,2025-09-19,DKI1,19.715641,44.580624,17.216255,7.122954,26.17774,25.09288
2025-09-19_DKI2,2025-09-19,DKI2,40.193455,25.052784,40.534843,9.423653,54.338287,23.347702
2025-09-19_DKI3,2025-09-19,DKI3,26.20756,36.102882,21.298119,8.077501,37.43453,16.283388
2025-09-19_DKI4,2025-09-19,DKI4,41.482456,45.14036,31.963266,13.949877,48.85559,10.932385
2025-09-19_DKI5,2025-09-19,DKI5,36.16678,66.10708,17.21547,5.050098,36.364326,20.407713
2025-09-20_DKI1,2025-09-20,DKI1,16.453136,37.7499,20.172197,7.5591216,34.470406,20.784235
2025-09-20_DKI2,2025-09-20,DKI2,41.7602,8.0369425,27.94208,10.802509,54.808743,22.703625
2025-09-20_DKI3,2025-09-20,DKI3,27.298683,39.461334,18.93142,5.754612,45.61982,15.843276
2025-09-20_DKI4,2025-09-20,DKI4,42.62836,43.955475,36.35305,13.851821,48.348915,9.038376
2025-09-20_DKI5,2025-09-20,DKI5,42.32957,48.83069,22.2421,4.1602125,32.61328,22.634735
2025-09-21_DKI1,2025-09-21,DKI1,10.960863,32.550217,15.913249,5.304581,25.784334,21.15102
2025-09-21_DKI2,2025-09-21,DKI2,41.134274,14.915538,26.85495,8.002142,53.293247,28.800797
2025-09-21_DKI3,2025-09-21,DKI3,22.01454,39.80573,23.601868,4.5823693,32.9506,14.910839
2025-09-21_DKI4,2025-09-21,DKI4,38.539104,39.275703,34.692833,14.879582,55.68209,11.209826
2025-09-21_DKI5,2025-09-21,DKI5,37.563583,50.14189,20.160763,4.44506,39.64481,19.063393
2025-09-22_DKI1,2025-09-22,DKI1,20.605165,33.319164,12.145835,5.021066,24.520983,15.655368
2025-09-22_DKI2,2025-09-22,DKI2,29.260408,18.526543,27.624207,10.559124,57.519226,31.986713
2025-09-22_DKI3,2025-09-22,DKI3,25.087767,52.565056,23.596506,5.6814756,29.845678,14.202446
2025-09-22_DKI4,2025-09-22,DKI4,37.207882,37.305866,30.972874,14.7497225,50.90172,12.979612
2025-09-22_DKI5,2025-09-22,DKI5,33.16611,50.610363,22.461742,5.3736796,38.452583,22.191654
2025-09-23_DKI1,2025-09-23,DKI1,20.71179,32.956825,13.549518,3.3045843,21.51164,17.386404
2025-09-23_DKI2,2025-09-23,DKI2,30.178408,22.226934,29.92536,9.51391,56.204613,30.679089
2025-09-23_DKI3,2025-09-23,DKI3,28.912642,53.76358,30.451847,6.5442367,30.954554,16.62427
2025-09-23_DKI4,2025-09-23,DKI4,34.395584,29.549015,31.829596,15.50308,50.30424,13.408959
2025-09-23_DKI5,2025-09-23,DKI5,30.035038,48.459583,19.534338,6.089112,57.86672,18.132437
2025-09-24_DKI1,2025-09-24,DKI1,22.294409,47.04853,13.341626,3.1825306,12.711606,19.403646
2025-09-24_DKI2,2025-09-24,DKI2,31.536573,22.19881,27.484041,8.758015,78.69587,27.276548
2025-09-24_DKI3,2025-09-24,DKI3,35.07952,48.093777,23.272114,8.871444,25.652012,14.079467
2025-09-24_DKI4,2025-09-24,DKI4,31.318487,39.886494,30.77862,14.606573,51.508442,13.403351
2025-09-24_DKI5,2025-09-24,DKI5,21.973272,45.22638,19.013536,8.27332,67.97101,14.454339
2025-09-25_DKI1,2025-09-25,DKI1,16.154932,43.8765,9.080134,4.856137,8.752244,20.268658
2025-09-25_DKI2,2025-09-25,DKI2,47.49566,36.941513,18.84834,12.924766,76.50537,25.057577
2025-09-25_DKI3,2025-09-25,DKI3,40.47713,38.03764,31.250301,10.404353,26.998634,10.812429
2025-09-25_DKI4,2025-09-25,DKI4,36.702694,31.55364,33.13493,15.190899,50.313896,14.8801985
2025-09-25_DKI5,2025-09-25,DKI5,20.214773,52.19579,12.833478,8.254995,61.715206,18.992958
2025-09-26_DKI1,2025-09-26,DKI1,15.091672,43.756435,8.401147,2.8821204,9.750779,17.863947
2025-09-26_DKI2,2025-09-26,DKI2,45.573055,27.370243,21.838495,10.083826,79.53101,29.498695
2025-09-26_DKI3,2025-09-26,DKI3,32.650795,37.687202,35.32264,10.072317,35.74303,10.570731
2025-09-26_DKI4,2025-09-26,DKI4,38.757347,41.508163,31.09466,13.7653265,41.096863,17.622673
2025-09-26_DKI5,2025-09-26,DKI5,17.82938,47.38328,8.639872,7.956853,59.40399,20.933033
2025-09-27_DKI1,2025-09-27,DKI1,17.456255,48.651325,13.517083,7.0699916,2.495303,21.164997
2025-09-27_DKI2,2025-09-27,DKI2,46.871666,30.50769,17.312403,7.1614456,60.232025,29.153467
2025-09-27_DKI3,2025-09-27,DKI3,27.901613,33.3196,36.181873,7.6531568,44.853218,10.14686
2025-09-27_DKI4,2025-09-27,DKI4,34.657364,52.006,30.761591,13.483412,33.07655,19.706121
2025-09-27_DKI5,2025-09-27,DKI5,18.811003,23.332903,12.104438,8.840472,62.23328,20.758728
2025-09-28_DKI1,2025-09-28,DKI1,13.188161,47.07443,11.636952,6.8093877,3.6183212,22.639643
2025-09-28_DKI2,2025-09-28,DKI2,45.978264,40.13191,21.871096,8.103681,61.6357,30.519028
2025-09-28_DKI3,2025-09-28,DKI3,31.206444,31.415648,37.942535,7.323501,33.88577,6.0308013
2025-09-28_DKI4,2025-09-28,DKI4,39.99098,37.45466,42.00552,12.920454,37.49292,15.769782
2025-09-28_DKI5,2025-09-28,DKI5,20.35269,13.621025,15.746934,13.057908,74.33359,22.103378
2025-09-29_DKI1,2025-09-29,DKI1,17.08515,49.656353,12.429704,8.752655,3.8797386,15.829002
2025-09-29_DKI2,2025-09-29,DKI2,38.220028,40.925537,24.758356,6.65873,55.305042,27.961817
2025-09-29_DKI3,2025-09-29,DKI3,34.174274,34.485626,35.3342,7.1658854,36.480587,6.4584274
2025-09-29_DKI4,2025-09-29,DKI4,41.4351,35.698833,45.20568,13.764407,28.94512,14.4790945
2025-09-29_DKI5,2025-09-29,DKI5,27.018099,15.218017,18.692705,15.151245,56.68454,21.22897
2025-09-30_DKI1,2025-09-30,DKI1,15.643726,51.011143,11.727999,13.426504,10.974027,11.423209
2025-09-30_DKI2,2025-09-30,DKI2,45.41315,42.53838,25.462322,5.465611,76.99624,25.843412
2025-09-30_DKI3,2025-09-30,DKI3,36.851906,36.560703,30.794605,7.21928,41.20342,5.1229663
2025-09-30_DKI4,2025-09-30,DKI4,45.59947,49.311836,42.599438,13.873491,35.24861,12.865112
2025-09-30_DKI5,2025-09-30,DKI5,29.832693,27.12658,19.670784,15.479054,54.070858,18.733168
2025-10-01_DKI1,2025-10-01,DKI1,22.658676,46.909378,13.082591,10.385788,13.661208,13.55856
2025-10-01_DKI2,2025-10-01,DKI2,43.91627,30.347544,33.517197,5.6300836,79.05922,26.312267
2025-10-01_DKI3,2025-10-01,DKI3,37.096397,34.23133,39.33719,9.224787,27.327679,6.4312425
2025-10-01_DKI4,2025-10-01,DKI4,35.756805,44.528194,42.333027,13.376008,20.060865,12.630821
2025-10-01_DKI5,2025-10-01,DKI5,34.738052,42.756298,10.69111,14.133722,45.987297,17.233143
2025-10-02_DKI1,2025-10-02,DKI1,20.476423,37.87392,14.83254,9.84031,14.1386385,13.059242
2025-10-02_DKI2,2025-10-02,DKI2,47.621506,29.844873,39.10164,6.604268,87.17437,28.722437
2025-10-02_DKI3,2025-10-02,DKI3,37.59746,42.70665,38.310226,7.777559,27.030502,10.056904
2025-10-02_DKI4,2025-10-02,DKI4,31.217358,54.534847,36.299038,14.615596,20.103,12.656232
2025-10-02_DKI5,2025-10-02,DKI5,29.913584,21.188932,8.863786,14.326571,48.341183,13.833766
2025-10-03_DKI1,2025-10-03,DKI1,37.522797,41.844776,17.229784,9.669701,14.405005,10.701247
2025-10-03_DKI2,2025-10-03,DKI2,41.14664,39.002567,33.572964,6.5935316,98.89533,34.352177
2025-10-03_DKI3,2025-10-03,DKI3,40.05763,44.492485,32.444195,8.929751,30.415941,8.191748
2025-10-03_DKI4,2025-10-03,DKI4,28.328531,65.66639,42.487293,15.275446,19.747795,12.295025
2025-10-03_DKI5,2025-10-03,DKI5,32.139496,32.111603,4.8668303,13.521034,53.307507,11.052603
2025-10-04_DKI1,2025-10-04,DKI1,38.41084,40.25057,19.146706,8.34781,12.604009,10.947463
2025-10-04_DKI2,2025-10-04,DKI2,48.658047,22.265718,24.941544,7.8897815,116.801216,30.652637
2025-10-04_DKI3,2025-10-04,DKI3,41.62574,59.78324,34.75802,11.537467,26.5315,10.005714
2025-10-04_DKI4,2025-10-04,DKI4,31.549032,54.069885,40.720215,13.423188,29.005789,12.924827
2025-10-04_DKI5,2025-10-04,DKI5,25.582218,36.953392,5.8751388,12.422614,71.60821,14.493133
2025-10-05_DKI1,2025-10-05,DKI1,31.120817,40.593525,21.908098,10.950393,10.781152,8.994875
2025-10-05_DKI2,2025-10-05,DKI2,39.238537,24.185568,32.361393,5.8849764,93.97279,26.766394
2025-10-05_DKI3,2025-10-05,DKI3,41.960304,58.397697,35.852432,10.235782,29.122358,13.897133
2025-10-05_DKI4,2025-10-05,DKI4,33.837948,50.38645,44.54233,12.736238,30.667261,15.694854
2025-10-05_DKI5,2025-10-05,DKI5,34.56925,34.204723,6.028519,10.92069,56.26963,14.400033
2025-10-06_DKI1,2025-10-06,DKI1,39.125668,37.767765,23.036947,10.877206,12.03634,11.922867
2025-10-06_DKI2,2025-10-06,DKI2,42.23368,22.025072,43.36911,8.57744,96.44449,22.964392
2025-10-06_DKI3,2025-10-06,DKI3,38.82187,53.778206,39.58253,9.135805,32.602356,13.584274
2025-10-06_DKI4,2025-10-06,DKI4,33.087757,54.165516,47.661774,12.9512005,23.418762,12.634961
2025-10-06_DKI5,2025-10-06,DKI5,39.577435,31.928604,9.846002,12.448278,69.27941,11.484455
2025-10-07_DKI1,2025-10-07,DKI1,30.500416,46.398666,23.269146,13.537776,7.5664873,12.923376
2025-10-07_DKI2,2025-10-07,DKI2,54.18034,24.769335,38.85244,5.794563,99.09251,26.460552
2025-10-07_DKI3,2025-10-07,DKI3,39.8196,43.150238,36.87505,10.070717,37.59991,9.744498
2025-10-07_DKI4,2025-10-07,DKI4,33.027935,51.964302,49.890457,15.807007,23.315813,15.232532
2025-10-07_DKI5,2025-10-07,DKI5,36.296757,42.137154,15.296716,16.369453,64.32542,14.708051
2025-10-08_DKI1,2025-10-08,DKI1,33.81327,33.922882,21.065432,12.529122,1.0436105,14.061722
2025-10-08_DKI2,2025-10-08,DKI2,46.581444,44.05846,39.684113,6.470509,107.88997,28.90247
2025-10-08_DKI3,2025-10-08,DKI3,35.26718,34.66954,32.415432,11.327899,36.000954,11.077796
2025-10-08_DKI4,2025-10-08,DKI4,38.139538,55.98514,51.87772,17.151012,55.29763,15.772355
2025-10-08_DKI5,2025-10-08,DKI5,27.467688,48.03292,18.74982,15.981927,41.361153,11.504791
2025-10-09_DKI1,2025-10-09,DKI1,19.995756,41.51956,10.381202,13.308315,1.0329465,11.325225
2025-10-09_DKI2,2025-10-09,DKI2,42.189835,41.16595,34.45328,9.743094,100.644745,23.933655
2025-10-09_DKI3,2025-10-09,DKI3,33.077198,40.219864,27.45454,10.571116,26.8802,15.854273
2025-10-09_DKI4,2025-10-09,DKI4,34.41875,70.67224,54.296024,15.757381,43.95827,17.474216
2025-10-09_DKI5,2025-10-09,DKI5,34.01005,38.77777,19.541048,13.164668,46.027847,12.267234
2025-10-10_DKI1,2025-10-10,DKI1,12.4519415,37.004333,9.870645,12.53395,5.460271,6.5721173
2025-10-10_DKI2,2025-10-10,DKI2,42.0792,56.226067,31.140184,8.943193,95.13568,23.489153
2025-10-10_DKI3,2025-10-10,DKI3,30.22185,43.684597,23.118404,10.395513,31.289728,19.06863
2025-10-10_DKI4,2025-10-10,DKI4,36.139023,67.58794,60.991882,13.674039,50.807533,19.165396
2025-10-10_DKI5,2025-10-10,DKI5,32.961407,29.571373,24.241325,15.067797,46.594097,15.674827
2025-10-11_DKI1,2025-10-11,DKI1,17.476665,45.00114,8.050589,11.866415,2.5722454,9.038693
2025-10-11_DKI2,2025-10-11,DKI2,38.50023,66.230484,45.417744,10.689052,94.14485,22.962858
2025-10-11_DKI3,2025-10-11,DKI3,29.670366,42.419014,27.484455,8.359576,30.944277,23.671545
2025-10-11_DKI4,2025-10-11,DKI4,34.351673,68.89974,60.02158,15.392916,52.277306,20.832159
2025-10-11_DKI5,2025-10-11,DKI5,38.40615,34.700462,22.246313,16.272282,38.26622,13.479423
2025-10-12_DKI1,2025-10-12,DKI1,26.194593,50.51717,6.7259493,12.477469,-10.330533,11.414626
2025-10-12_DKI2,2025-10-12,DKI2,29.23802,65.468414,46.27206,8.924319,99.190895,25.011232
2025-10-12_DKI3,2025-10-12,DKI3,37.118652,40.480644,30.426632,9.234239,30.392118,22.096605
2025-10-12_DKI4,2025-10-12,DKI4,32.67411,66.69444,59.440666,14.983017,50.525627,21.96982
2025-10-12_DKI5,2025-10-12,DKI5,29.926916,58.797146,24.648642,15.022118,34.94572,16.155275
2025-10-13_DKI1,2025-10-13,DKI1,29.647566,54.355137,2.0181997,13.6792,-4.511592,9.065922
2025-10-13_DKI2,2025-10-13,DKI2,30.243216,65.30451,45.39006,6.834352,104.51231,22.188412
2025-10-13_DKI3,2025-10-13,DKI3,28.94212,34.799812,34.90093,8.226656,41.57701,18.542282
2025-10-13_DKI4,2025-10-13,DKI4,37.024746,45.832706,47.996586,12.773955,45.23532,21.246735
2025-10-13_DKI5,2025-10-13,DKI5,26.996227,71.512665,21.717813,12.7596,33.465473,13.678394
2025-10-14_DKI1,2025-10-14,DKI1,30.531796,56.78865,6.239484,12.099058,-2.0334446,10.932073
2025-10-14_DKI2,2025-10-14,DKI2,24.624012,66.0158,44.91913,4.1764245,84.165535,17.257357
2025-10-14_DKI3,2025-10-14,DKI3,30.669115,33.967667,37.053387,8.188738,37.890728,19.1245
2025-10-14_DKI4,2025-10-14,DKI4,39.723408,38.965397,43.759796,11.326805,44.30318,16.939497
2025-10-14_DKI5,2025-10-14,DKI5,27.214819,77.85688,22.073044,11.980288,40.175495,14.451306
2025-10-15_DKI1,2025-10-15,DKI1,29.890924,66.83435,1.1501577,10.700791,-1.9214422,9.2819605
2025-10-15_DKI2,2025-10-15,DKI2,28.427189,57.473885,37.855587,3.9513884,78.77427,14.304147
2025-10-15_DKI3,2025-10-15,DKI3,24.043266,34.93906,34.340137,7.717591,46.380444,19.898685
2025-10-15_DKI4,2025-10-15,DKI4,42.099194,38.88078,37.26913,12.602201,36.692913,19.028387
2025-10-15_DKI5,2025-10-15,DKI5,27.60872,64.983116,24.550053,12.436291,34.50646,15.657592
2025-10-16_DKI1,2025-10-16,DKI1,20.192976,60.246746,4.3286524,9.787101,-0.5240223,8.335676
2025-10-16_DKI2,2025-10-16,DKI2,23.81385,63.033756,39.25646,7.258639,79.73896,21.007189
2025-10-16_DKI3,2025-10-16,DKI3,22.139105,23.10525,45.443283,8.783689,42.84324,20.217075
2025-10-16_DKI4,2025-10-16,DKI4,46.42749,36.38545,38.135242,13.592555,28.656092,20.129475
2025-10-16_DKI5,2025-10-16,DKI5,25.61519,56.22243,24.854757,12.281334,30.969337,20.345572
2025-10-17_DKI1,2025-10-17,DKI1,17.34211,54.392666,4.966651,9.909728,4.0339518,9.156771
2025-10-17_DKI2,2025-10-17,DKI2,33.90738,56.728573,47.623363,8.100372,75.84316,23.433384
2025-10-17_DKI3,2025-10-17,DKI3,25.979244,28.734056,43.559097,7.9720607,43.637333,19.63004
2025-10-17_DKI4,2025-10-17,DKI4,44.604893,46.398125,40.732338,12.987799,27.204575,21.115198
2025-10-17_DKI5,2025-10-17,DKI5,28.889458,64.84306,21.55644,12.786439,45.09554,22.067581
2025-10-18_DKI1,2025-10-18,DKI1,16.78433,48.716366,7.8097143,7.6706495,12.161569,16.59853
2025-10-18_DKI2,2025-10-18,DKI2,29.531578,56.97004,53.329296,9.473105,89.08467,24.174139
2025-10-18_DKI3,2025-10-18,DKI3,25.789415,17.464014,34.456455,6.653459,33.13671,17.792849
2025-10-18_DKI4,2025-10-18,DKI4,45.906883,58.204025,42.382496,11.202144,29.616476,21.44421
2025-10-18_DKI5,2025-10-18,DKI5,23.850525,74.15308,21.46957,13.525497,35.40959,20.537617
2025-10-19_DKI1,2025-10-19,DKI1,28.04004,52.243694,11.858013,7.775243,11.172378,19.766426
2025-10-19_DKI2,2025-10-19,DKI2,28.253937,36.826115,49.03264,14.463292,93.66539,24.190706
2025-10-19_DKI3,2025-10-19,DKI3,21.555054,21.352856,38.43499,6.6313806,38.9304,19.767351
2025-10-19_DKI4,2025-10-19,DKI4,42.66164,51.472332,35.365696,9.992281,27.11827,23.362745
2025-10-19_DKI5,2025-10-19,DKI5,23.686317,64.540245,23.872017,13.966039,29.63291,16.597565
2025-10-20_DKI1,2025-10-20,DKI1,32.64284,43.26864,19.37106,10.4691,11.478761,16.809559
2025-10-20_DKI2,2025-10-20,DKI2,33.65512,30.85546,43.341118,14.430658,87.323746,22.740704
2025-10-20_DKI3,2025-10-20,DKI3,19.033758,22.587526,36.308987,8.123251,41.260155,19.383352
2025-10-20_DKI4,2025-10-20,DKI4,42.56521,62.633293,40.527588,9.314686,27.570606,23.3423
2025-10-20_DKI5,2025-10-20,DKI5,24.779408,63.05677,25.892916,13.161953,21.210136,14.348702
2025-10-21_DKI1,2025-10-21,DKI1,20.465614,47.810585,23.967924,8.307273,22.40246,19.115505
2025-10-21_DKI2,2025-10-21,DKI2,26.722315,38.240177,45.668346,13.570898,82.349915,22.916601
2025-10-21_DKI3,2025-10-21,DKI3,21.727882,25.697504,34.86075,7.779511,30.708565,19.480772
2025-10-21_DKI4,2025-10-21,DKI4,40.455986,57.108498,42.437164,7.2449975,31.288927,23.901026
2025-10-21_DKI5,2025-10-21,DKI5,27.625124,54.225025,33.00312,12.155477,32.73702,12.866543
2025-10-22_DKI1,2025-10-22,DKI1,25.67453,44.79961,27.04052,8.387688,26.189188,20.335712
2025-10-22_DKI2,2025-10-22,DKI2,28.895748,29.754322,44.734764,13.633652,89.68945,24.005045
2025-10-22_DKI3,2025-10-22,DKI3,19.135704,22.914097,33.804836,10.11752,27.811483,16.60048
2025-10-22_DKI4,2025-10-22,DKI4,39.56883,60.22576,41.394363,7.1296434,30.795668,23.925774
2025-10-22_DKI5,2025-10-22,DKI5,31.117722,49.165066,33.408478,11.783633,25.819876,11.6357
2025-10-23_DKI1,2025-10-23,DKI1,24.868828,37.833176,31.120518,12.198073,19.446482,21.721617
2025-10-23_DKI2,2025-10-23,DKI2,37.080437,35.41408,43.164124,14.917057,102.57137,25.29752
2025-10-23_DKI3,2025-10-23,DKI3,20.171707,34.308884,35.5599,10.688131,24.769869,21.472485
2025-10-23_DKI4,2025-10-23,DKI4,40.98804,56.199146,35.434135,6.014504,36.978012,25.43022
2025-10-23_DKI5,2025-10-23,DKI5,25.586594,62.344242,32.971157,12.560571,43.175335,15.01871
2025-10-24_DKI1,2025-10-24,DKI1,21.882883,31.509382,30.045277,11.2530365,11.817367,22.439627
2025-10-24_DKI2,2025-10-24,DKI2,27.632416,32.83311,38.693775,14.503344,100.666794,26.158478
2025-10-24_DKI3,2025-10-24,DKI3,20.496067,38.775185,29.9809,9.94205,20.86633,21.908607
2025-10-24_DKI4,2025-10-24,DKI4,35.97344,43.263603,35.70158,6.096484,48.68766,27.311985
2025-10-24_DKI5,2025-10-24,DKI5,18.674232,59.78971,26.18699,12.668255,39.942448,15.027558
2025-10-25_DKI1,2025-10-25,DKI1,29.17798,27.3519,29.218658,9.815926,24.477869,22.13036
2025-10-25_DKI2,2025-10-25,DKI2,29.467777,44.171776,42.180344,14.626532,90.18934,22.68628
2025-10-25_DKI3,2025-10-25,DKI3,18.307335,42.30416,28.479761,9.570634,25.643812,18.663612
2025-10-25_DKI4,2025-10-25,DKI4,44.417366,37.14587,37.50112,4.6019106,59.038418,23.314993
2025-10-25_DKI5,2025-10-25,DKI5,25.735996,50.26427,23.87029,14.1568165,35.59696,14.375249
2025-10-26_DKI1,2025-10-26,DKI1,38.991955,19.845238,26.535078,10.713219,14.502402,15.752018
2025-10-26_DKI2,2025-10-26,DKI2,31.553705,56.819828,41.70032,13.748359,96.54592,21.834051
2025-10-26_DKI3,2025-10-26,DKI3,26.284492,40.646996,29.197094,9.968221,21.764301,14.99363
2025-10-26_DKI4,2025-10-26,DKI4,38.22382,23.142006,41.915905,5.966923,53.776546,25.64298
2025-10-26_DKI5,2025-10-26,DKI5,27.625692,35.479626,19.30107,17.241566,40.375507,14.560168
2025-10-27_DKI1,2025-10-27,DKI1,47.052036,24.014597,26.774473,11.007542,18.98469,13.561034
2025-10-27_DKI2,2025-10-27,DKI2,36.44207,58.34664,40.79905,13.270234,75.80602,24.714931
2025-10-27_DKI3,2025-10-27,DKI3,28.091013,39.770897,35.95694,11.300911,26.127182,14.3447485
2025-10-27_DKI4,2025-10-27,DKI4,31.722918,34.609383,37.46356,5.8053765,55.71546,23.90595
2025-10-27_DKI5,2025-10-27,DKI5,24.220724,37.13773,24.055897,17.809761,60.935745,15.731757
2025-10-28_DKI1,2025-10-28,DKI1,40.590508,29.6114,29.751278,12.867094,15.366427,15.342012
2025-10-28_DKI2,2025-10-28,DKI2,29.195457,57.964554,40.310135,15.38999,68.65653,22.177603
2025-10-28_DKI3,2025-10-28,DKI3,20.255491,44.685753,31.872446,13.755859,31.687681,13.936286
2025-10-28_DKI4,2025-10-28,DKI4,36.432804,50.31455,35.313293,7.500565,70.83738,24.195467
2025-10-28_DKI5,2025-10-28,DKI5,32.01973,36.809006,22.582521,19.29189,55.111774,14.821147
2025-10-29_DKI1,2025-10-29,DKI1,38.88095,35.232346,28.581337,10.001655,17.284391,17.413525
2025-10-29_DKI2,2025-10-29,DKI2,22.191765,58.12524,41.669727,14.119161,80.21034,23.346222
2025-10-29_DKI3,2025-10-29,DKI3,21.072754,51.58164,29.429592,14.644645,42.39487,19.59438
2025-10-29_DKI4,2025-10-29,DKI4,39.040398,60.049343,31.58209,8.309081,68.31711,23.090319
2025-10-29_DKI5,2025-10-29,DKI5,32.257652,56.134995,17.89608,21.095692,43.224113,16.449806
2025-10-30_DKI1,2025-10-30,DKI1,42.30395,31.632725,27.591303,10.479697,23.30913,19.244349
2025-10-30_DKI2,2025-10-30,DKI2,26.517094,57.705276,36.16084,14.254124,72.64284,24.536818
2025-10-30_DKI3,2025-10-30,DKI3,18.790112,58.368885,35.573017,15.077722,39.344185,19.993141
2025-10-30_DKI4,2025-10-30,DKI4,40.641388,56.92365,33.18083,8.389556,64.287964,21.195074
2025-10-30_DKI5,2025-10-30,DKI5,37.496326,47.83413,17.930548,17.24478,46.9395,18.372108
2025-10-31_DKI1,2025-10-31,DKI1,50.37574,33.49704,24.532433,11.002445,12.544507,20.536993
2025-10-31_DKI2,2025-10-31,DKI2,29.11213,68.3952,30.949175,13.606548,81.53679,25.50481
2025-10-31_DKI3,2025-10-31,DKI3,22.123579,55.891933,38.383465,15.327283,43.890804,15.61084
2025-10-31_DKI4,2025-10-31,DKI4,42.101086,63.997196,32.483425,6.9463534,60.265884,20.489525
2025-10-31_DKI5,2025-10-31,DKI5,36.9591,39.189507,17.733728,15.061106,54.466145,20.285341
2025-11-01_DKI1,2025-11-01,DKI1,23.602873,37.97104,29.370918,11.107621,12.542495,14.849936
2025-11-01_DKI2,2025-11-01,DKI2,20.998394,45.97489,19.130253,13.614485,94.73254,29.330893
2025-11-01_DKI3,2025-11-01,DKI3,23.372044,52.8255,38.879944,16.073723,54.3541,15.9944315
2025-11-01_DKI4,2025-11-01,DKI4,56.348354,19.122484,32.199135,7.690886,56.910378,19.973198
2025-11-01_DKI5,2025-11-01,DKI5,38.16256,23.20747,19.509737,13.14412,40.988377,24.068869
2025-11-02_DKI1,2025-11-02,DKI1,22.61454,44.377354,28.367943,10.045216,20.777529,15.094151
2025-11-02_DKI2,2025-11-02,DKI2,23.197634,35.63835,22.225357,11.832633,111.18589,28.257843
2025-11-02_DKI3,2025-11-02,DKI3,23.085375,53.930138,35.051712,13.455814,48.575943,17.867313
2025-11-02_DKI4,2025-11-02,DKI4,46.175198,28.732862,29.42529,6.024571,55.75467,21.692173
2025-11-02_DKI5,2025-11-02,DKI5,45.87331,25.519167,20.447742,16.173494,63.94116,23.94862
2025-11-03_DKI1,2025-11-03,DKI1,16.052519,47.85469,29.310417,10.793138,25.976698,19.790648
2025-11-03_DKI2,2025-11-03,DKI2,19.330372,28.228708,32.58473,12.00981,113.75284,27.37615
2025-11-03_DKI3,2025-11-03,DKI3,27.155634,49.80307,40.02268,14.123371,52.765713,18.694056
2025-11-03_DKI4,2025-11-03,DKI4,46.0516,44.040173,33.692898,4.8143067,61.15645,20.929264
2025-11-03_DKI5,2025-11-03,DKI5,42.135017,25.943708,21.774239,17.30048,62.949566,19.442686
2025-11-04_DKI1,2025-11-04,DKI1,9.592978,47.69484,27.57553,13.322129,36.692036,12.143183
2025-11-04_DKI2,2025-11-04,DKI2,21.045986,36.395397,37.72878,11.806716,123.96506,26.125772
2025-11-04_DKI3,2025-11-04,DKI3,33.33854,42.223263,39.39538,13.356896,51.0161,17.71996
2025-11-04_DKI4,2025-11-04,DKI4,38.95109,48.26673,37.861805,4.9075494,57.758026,17.008636
2025-11-04_DKI5,2025-11-04,DKI5,45.272972,27.560715,20.933414,14.751424,71.20164,19.41348
2025-11-05_DKI1,2025-11-05,DKI1,16.155706,29.473658,28.263424,13.520615,30.388826,14.93626
2025-11-05_DKI2,2025-11-05,DKI2,22.93645,28.202835,37.302547,13.182365,129.72404,26.220955
2025-11-05_DKI3,2025-11-05,DKI3,24.47347,42.966095,39.370506,14.292649,49.338955,18.987085
2025-11-05_DKI4,2025-11-05,DKI4,47.897633,42.613743,40.735928,2.761428,53.821327,19.349573
2025-11-05_DKI5,2025-11-05,DKI5,46.359325,24.40781,21.355886,12.450688,73.8365,16.206726
2025-11-06_DKI1,2025-11-06,DKI1,25.412123,28.769032,21.124197,13.847117,27.235376,23.105164
2025-11-06_DKI2,2025-11-06,DKI2,18.899788,19.404266,31.606226,12.425027,112.40001,24.123426
2025-11-06_DKI3,2025-11-06,DKI3,22.54178,46.285385,39.377052,15.612494,47.58351,14.238107
2025-11-06_DKI4,2025-11-06,DKI4,45.53312,48.34204,32.76971,7.500417,51.111965,19.122215
2025-11-06_DKI5,2025-11-06,DKI5,51.190197,25.550627,15.250112,8.836294,74.772995,13.036704
2025-11-07_DKI1,2025-11-07,DKI1,24.943085,30.708824,21.33448,14.530629,25.56656,23.27453
2025-11-07_DKI2,2025-11-07,DKI2,29.962654,33.119698,30.113745,13.920366,120.695206,24.324574
2025-11-07_DKI3,2025-11-07,DKI3,19.82237,49.707954,39.442326,15.295905,41.703865,15.463537
2025-11-07_DKI4,2025-11-07,DKI4,37.10756,47.233715,34.328735,7.336885,59.382954,18.981318
2025-11-07_DKI5,2025-11-07,DKI5,43.105938,31.661457,10.231666,6.0763836,70.36823,11.120672
2025-11-08_DKI1,2025-11-08,DKI1,31.147644,24.98065,18.97421,14.030288,26.548563,24.143942
2025-11-08_DKI2,2025-11-08,DKI2,31.991026,30.639362,27.461336,15.893866,113.99677,23.398949
2025-11-08_DKI3,2025-11-08,DKI3,16.129036,47.611923,42.992393,12.852902,47.1729,19.172821
2025-11-08_DKI4,2025-11-08,DKI4,34.203876,37.398167,37.167137,4.3702602,54.520836,17.958668
2025-11-08_DKI5,2025-11-08,DKI5,44.62569,23.218454,9.841407,10.89878,83.09796,9.387781
2025-11-09_DKI1,2025-11-09,DKI1,32.77686,23.773548,23.394592,12.754732,22.831411,26.923061
2025-11-09_DKI2,2025-11-09,DKI2,24.332287,28.55675,29.795773,15.990593,105.18784,24.448233
2025-11-09_DKI3,2025-11-09,DKI3,29.698263,40.69373,40.818504,11.1806755,46.972816,25.010536
2025-11-09_DKI4,2025-11-09,DKI4,38.406727,25.990828,36.918457,6.9852743,58.724686,16.828308
2025-11-09_DKI5,2025-11-09,DKI5,47.97729,30.479876,9.398414,12.072397,92.520325,11.8164425
2025-11-10_DKI1,2025-11-10,DKI1,28.040272,13.131416,25.56332,13.43672,19.820536,26.43096
2025-11-10_DKI2,2025-11-10,DKI2,27.964434,25.077637,28.961628,15.660446,87.00987,22.40494
2025-11-10_DKI3,2025-11-10,DKI3,32.40878,44.464363,29.32623,9.119084,56.308937,22.444393
2025-11-10_DKI4,2025-11-10,DKI4,33.123665,24.79818,38.516064,8.115579,62.95082,21.344917
2025-11-10_DKI5,2025-11-10,DKI5,35.98526,38.35407,5.398319,15.01867,84.51473,9.680231
2025-11-11_DKI1,2025-11-11,DKI1,29.97874,12.627485,23.925438,16.223923,17.557756,29.225756
2025-11-11_DKI2,2025-11-11,DKI2,21.942188,28.709337,31.56379,15.568947,75.9495,23.46183
2025-11-11_DKI3,2025-11-11,DKI3,23.213531,47.00907,28.266829,10.600568,44.66282,24.932825
2025-11-11_DKI4,2025-11-11,DKI4,25.969467,25.775331,43.05685,9.042666,59.93579,22.587666
2025-11-11_DKI5,2025-11-11,DKI5,28.258307,33.69436,9.970473,13.109231,106.47707,12.624307
2025-11-12_DKI1,2025-11-12,DKI1,38.97295,19.845762,20.942823,17.186804,18.661058,21.65268
2025-11-12_DKI2,2025-11-12,DKI2,26.55682,21.342297,29.841158,16.448135,77.684044,23.227358
2025-11-12_DKI3,2025-11-12,DKI3,30.154566,37.89653,28.71023,10.281624,47.978176,28.798862
2025-11-12_DKI4,2025-11-12,DKI4,29.424782,5.707693,45.07443,9.532598,56.46926,22.066145
2025-11-12_DKI5,2025-11-12,DKI5,16.743843,54.772873,10.74199,13.801685,110.64991,12.328941
2025-11-13_DKI1,2025-11-13,DKI1,37.37077,41.029427,17.512749,16.41032,20.319921,20.515175
2025-11-13_DKI2,2025-11-13,DKI2,32.826042,32.748634,23.77819,15.677166,94.388756,20.189238
2025-11-13_DKI3,2025-11-13,DKI3,44.81251,45.830288,29.901766,7.5180993,39.461784,23.394918
2025-11-13_DKI4,2025-11-13,DKI4,32.546444,31.846823,48.700066,7.4163184,46.12737,16.23039
2025-11-13_DKI5,2025-11-13,DKI5,15.809593,66.27228,9.80482,13.078723,108.628975,15.935456
2025-11-14_DKI1,2025-11-14,DKI1,45.789707,31.319708,19.541687,18.343636,17.359732,27.516901
2025-11-14_DKI2,2025-11-14,DKI2,27.19478,36.678417,32.947884,17.136864,107.6673,20.890589
2025-11-14_DKI3,2025-11-14,DKI3,50.394062,51.33806,27.09259,6.7643113,43.60383,19.489487
2025-11-14_DKI4,2025-11-14,DKI4,28.37647,28.363462,54.876915,8.732951,52.74125,13.407989
2025-11-14_DKI5,2025-11-14,DKI5,20.22675,50.066517,11.280372,12.967352,101.61148,15.642131
2025-11-15_DKI1,2025-11-15,DKI1,27.585665,31.753431,17.103321,19.593708,18.352896,33.248367
2025-11-15_DKI2,2025-11-15,DKI2,32.288273,35.222336,26.623135,18.254692,108.67671,18.056519
2025-11-15_DKI3,2025-11-15,DKI3,37.59497,49.369858,21.566605,4.674594,52.603638,15.851341
2025-11-15_DKI4,2025-11-15,DKI4,24.956778,39.245125,57.609543,7.941957,60.04117,16.819513
2025-11-15_DKI5,2025-11-15,DKI5,28.3833,55.622677,14.079165,11.176699,99.022446,16.827982
2025-11-16_DKI1,2025-11-16,DKI1,32.406895,23.446661,23.048706,21.267656,28.28028,36.621986
2025-11-16_DKI2,2025-11-16,DKI2,33.736343,30.81069,21.42629,17.684565,100.91224,22.963367
2025-11-16_DKI3,2025-11-16,DKI3,33.30537,37.125767,25.405035,5.1867514,46.009167,14.639695
2025-11-16_DKI4,2025-11-16,DKI4,28.405342,38.8055,57.06687,6.52522,62.502235,17.860329
2025-11-16_DKI5,2025-11-16,DKI5,28.115114,58.64426,8.837483,5.544804,97.176285,15.378955
2025-11-17_DKI1,2025-11-17,DKI1,32.218372,24.031357,19.03951,17.017544,20.495024,38.60914
2025-11-17_DKI2,2025-11-17,DKI2,37.370777,30.934298,19.137327,16.299341,116.39002,20.677183
2025-11-17_DKI3,2025-11-17,DKI3,41.675045,26.452505,29.923668,7.362139,50.590866,16.209455
2025-11-17_DKI4,2025-11-17,DKI4,15.9135065,48.41222,56.574383,6.132841,66.165184,12.927519
2025-11-17_DKI5,2025-11-17,DKI5,36.15547,47.79451,11.900487,6.924751,100.70471,18.34511
2025-11-18_DKI1,2025-11-18,DKI1,29.670118,23.340763,16.758923,17.100874,26.381826,34.60303
2025-11-18_DKI2,2025-11-18,DKI2,46.763218,36.85026,17.949154,17.849834,110.72776,28.905037
2025-11-18_DKI3,2025-11-18,DKI3,35.41692,31.087406,22.576996,11.440812,40.065464,13.383286
2025-11-18_DKI4,2025-11-18,DKI4,5.047908,64.69673,55.65405,5.9366794,83.71091,12.601308
2025-11-18_DKI5,2025-11-18,DKI5,27.362818,49.844482,12.862048,5.2910852,95.15102,18.872875
2025-11-19_DKI1,2025-11-19,DKI1,29.784315,32.5215,13.517478,20.13856,26.967371,33.193558
2025-11-19_DKI2,2025-11-19,DKI2,43.015,51.935703,23.312805,15.581186,97.569244,27.160656
2025-11-19_DKI3,2025-11-19,DKI3,37.82682,26.96704,22.411026,11.923606,31.004229,15.111993
2025-11-19_DKI4,2025-11-19,DKI4,1.6645688,57.100037,57.134644,7.0234795,82.81861,14.78885
2025-11-19_DKI5,2025-11-19,DKI5,17.727146,44.400036,15.159884,8.272013,99.43289,17.790932
2025-11-20_DKI1,2025-11-20,DKI1,17.07581,42.09433,9.077334,22.735586,24.026083,35.72234
2025-11-20_DKI2,2025-11-20,DKI2,36.74615,58.634914,26.257917,14.111035,111.726326,34.395164
2025-11-20_DKI3,2025-11-20,DKI3,42.306202,25.429813,19.991299,10.4739485,31.05098,13.785556
2025-11-20_DKI4,2025-11-20,DKI4,3.3071074,51.90126,55.91521,9.787519,87.82342,14.589047
2025-11-20_DKI5,2025-11-20,DKI5,17.8339,49.606686,17.272459,8.502834,95.08296,15.15842
2025-11-21_DKI1,2025-11-21,DKI1,16.53062,43.183453,11.368073,21.72383,22.909132,35.63581
2025-11-21_DKI2,2025-11-21,DKI2,30.330833,61.588085,24.835125,11.876654,101.3232,32.455273
2025-11-21_DKI3,2025-11-21,DKI3,34.4536,16.662544,22.902235,8.752077,24.35666,11.252936
2025-11-21_DKI4,2025-11-21,DKI4,9.65262,54.775566,56.52126,11.332905,90.58778,13.544127
2025-11-21_DKI5,2025-11-21,DKI5,20.272026,40.482685,13.64428,6.9880247,95.79563,14.071443
2025-11-22_DKI1,2025-11-22,DKI1,19.593668,41.591064,9.347131,19.830696,17.020636,37.066536
2025-11-22_DKI2,2025-11-22,DKI2,24.976847,58.22942,28.177284,10.871547,103.82628,32.818375
2025-11-22_DKI3,2025-11-22,DKI3,33.444378,25.635014,22.352707,6.9827266,33.25642,15.048468
2025-11-22_DKI4,2025-11-22,DKI4,26.172365,60.459694,53.386047,9.83444,81.853584,13.850749
2025-11-22_DKI5,2025-11-22,DKI5,20.246042,32.134666,17.590376,6.6147304,85.327805,17.501513
2025-11-23_DKI1,2025-11-23,DKI1,29.255827,52.226887,14.218593,17.695126,16.550222,39.94087
2025-11-23_DKI2,2025-11-23,DKI2,24.365786,62.585453,39.4281,12.662694,94.32981,31.508049
2025-11-23_DKI3,2025-11-23,DKI3,10.314215,10.257162,16.516918,8.342002,32.79337,16.051016
2025-11-23_DKI4,2025-11-23,DKI4,35.306477,59.436428,50.353985,10.035655,77.648766,15.524819
2025-11-23_DKI5,2025-11-23,DKI5,9.382516,45.90601,20.278547,9.205902,84.18647,18.403936
2025-11-24_DKI1,2025-11-24,DKI1,25.652897,52.46022,14.775554,17.202757,5.998334,38.95565
2025-11-24_DKI2,2025-11-24,DKI2,26.198122,56.711044,40.78947,13.310953,92.346115,31.06523
2025-11-24_DKI3,2025-11-24,DKI3,4.9801574,12.34692,23.82081,8.444966,31.558466,15.500156
2025-11-24_DKI4,2025-11-24,DKI4,34.081512,55.45288,51.395622,10.88214,72.03031,18.112011
2025-11-24_DKI5,2025-11-24,DKI5,10.1448765,44.623135,24.190054,10.527026,73.92212,18.785421
2025-11-25_DKI1,2025-11-25,DKI1,20.622116,65.07028,8.720526,16.698301,7.371129,36.90434
2025-11-25_DKI2,2025-11-25,DKI2,27.480064,55.63189,41.28992,13.347466,97.578835,23.638147
2025-11-25_DKI3,2025-11-25,DKI3,5.570034,17.707724,26.98926,7.8908286,29.938946,16.553228
2025-11-25_DKI4,2025-11-25,DKI4,34.28713,41.914894,48.353306,7.7348723,67.90115,19.687721
2025-11-25_DKI5,2025-11-25,DKI5,4.356213,48.921402,20.22397,7.093064,69.79648,14.271731
2025-11-26_DKI1,2025-11-26,DKI1,17.984297,47.19248,6.779051,17.20311,8.201402,35.322075
2025-11-26_DKI2,2025-11-26,DKI2,31.769304,59.864243,44.08526,13.838124,86.0725,22.04965
2025-11-26_DKI3,2025-11-26,DKI3,0.0,24.750217,25.772518,7.2757535,39.826836,13.359397
2025-11-26_DKI4,2025-11-26,DKI4,25.342897,41.71485,43.805138,3.724963,55.00406,20.118631
2025-11-26_DKI5,2025-11-26,DKI5,9.663681,54.35918,21.458624,9.928742,72.91732,16.005508
2025-11-27_DKI1,2025-11-27,DKI1,24.341743,62.792618,7.7775574,16.491657,17.11067,35.768677
2025-11-27_DKI2,2025-11-27,DKI2,30.992208,60.175056,38.920635,15.625475,86.49354,18.6568
2025-11-27_DKI3,2025-11-27,DKI3,13.488077,29.968239,21.87269,6.026355,41.89078,13.586603
2025-11-27_DKI4,2025-11-27,DKI4,26.427042,32.538406,42.270714,0.9345005,51.052082,22.981897
2025-11-27_DKI5,2025-11-27,DKI5,12.82577,50.968334,18.298313,10.443971,73.867836,17.71959
2025-11-28_DKI1,2025-11-28,DKI1,26.448933,54.570812,13.055305,14.989804,15.585311,36.240868
2025-11-28_DKI2,2025-11-28,DKI2,38.4978,52.567215,51.91751,14.412387,97.550255,18.921906
2025-11-28_DKI3,2025-11-28,DKI3,5.0027747,19.964144,17.629236,4.453667,40.93728,16.585962
2025-11-28_DKI4,2025-11-28,DKI4,24.895197,32.58654,43.12891,1.51471,52.545143,20.709862
2025-11-28_DKI5,2025-11-28,DKI5,8.711373,45.803967,14.535697,16.084007,80.758804,20.214125
2025-11-29_DKI1,2025-11-29,DKI1,23.055897,42.823334,11.806893,14.407166,12.051076,33.805485
2025-11-29_DKI2,2025-11-29,DKI2,35.46637,40.33501,57.51582,14.790891,119.99822,18.119928
2025-11-29_DKI3,2025-11-29,DKI3,4.2810206,17.931803,18.202972,4.4323564,52.05435,12.27264
2025-11-29_DKI4,2025-11-29,DKI4,29.191536,42.37088,39.916225,1.8246739,65.634224,23.826893
2025-11-29_DKI5,2025-11-29,DKI5,7.2780046,48.02575,18.632473,14.450621,74.26602,18.96377
2025-11-30_DKI1,2025-11-30,DKI1,26.428526,41.91392,11.354957,13.951417,9.322528,27.294336
2025-11-30_DKI2,2025-11-30,DKI2,49.739033,41.945656,52.59417,15.191295,125.74107,13.797194
2025-11-30_DKI3,2025-11-30,DKI3,7.6179094,13.2344675,10.879573,5.1203027,62.851498,11.459441
2025-11-30_DKI4,2025-11-30,DKI4,22.384039,44.510635,46.605034,2.4967656,62.342484,20.946941
2025-11-30_DKI5,2025-11-30,DKI5,3.0826323,59.474407,16.178299,16.47093,69.1734,17.514977
