ID,tanggal,stasiun,pm_sepuluh,pm_duakomalima,sulfur_dioksida,karbon_monoksida,ozon,nitrogen_dioksida,kategori
2025-09-01_DKI1,2025-09-01,DKI1,40.80315,69.94541,28.397635,12.036847,15.376756,25.374578,TIDAK SEHAT
2025-09-01_DKI2,2025-09-01,DKI2,75.98968,72.693146,45.083153,16.148241,21.989447,15.963881,TIDAK SEHAT
2025-09-01_DKI3,2025-09-01,DKI3,27.894588,59.893215,53.38519,8.220234,19.676727,38.65287,TIDAK SEHAT
2025-09-01_DKI4,2025-09-01,DKI4,47.236736,58.78478,27.004372,10.16187,18.836203,16.996187,TIDAK SEHAT
2025-09-01_DKI5,2025-09-01,DKI5,37.595753,63.941727,24.382551,8.917592,24.144602,34.275265,TIDAK SEHAT
2025-09-02_DKI1,2025-09-02,DKI1,43.472584,71.98367,25.039991,12.131233,21.71482,22.518589,TIDAK SEHAT
2025-09-02_DKI2,2025-09-02,DKI2,76.51139,63.478188,38.124104,14.33668,8.605051,17.738096,TIDAK SEHAT
2025-09-02_DKI3,2025-09-02,DKI3,31.25704,60.959354,55.886707,7.5661287,36.207443,39.45425,TIDAK SEHAT
2025-09-02_DKI4,2025-09-02,DKI4,54.982403,49.50335,34.636196,6.717789,12.794615,16.186737,SEDANG
2025-09-02_DKI5,2025-09-02,DKI5,40.386818,66.701004,24.307907,11.027616,30.207682,35.071266,TIDAK SEHAT
2025-09-03_DKI1,2025-09-03,DKI1,42.46258,64.58589,31.264072,13.0534,34.422993,27.202316,TIDAK SEHAT
2025-09-03_DKI2,2025-09-03,DKI2,81.664894,68.904915,44.271214,9.369489,23.406025,17.160189,TIDAK SEHAT
2025-09-03_DKI3,2025-09-03,DKI3,26.314272,68.21701,46.248352,4.779925,31.364649,41.15085,TIDAK SEHAT
2025-09-03_DKI4,2025-09-03,DKI4,46.49125,36.49247,30.67164,4.998099,4.19847,17.573376,SEDANG
2025-09-03_DKI5,2025-09-03,DKI5,48.344933,54.137753,20.186468,8.149594,20.9846,33.31871,SEDANG
2025-09-04_DKI1,2025-09-04,DKI1,45.777435,62.12461,36.55165,11.53765,41.424973,30.132158,TIDAK SEHAT
2025-09-04_DKI2,2025-09-04,DKI2,77.32441,65.620224,34.25354,9.317276,24.697607,15.3362665,TIDAK SEHAT
2025-09-04_DKI3,2025-09-04,DKI3,20.71713,67.84304,48.421654,0.0012380566,26.179958,42.431854,TIDAK SEHAT
2025-09-04_DKI4,2025-09-04,DKI4,52.816856,42.511402,29.992985,8.835579,0.0,9.335912,SEDANG
2025-09-04_DKI5,2025-09-04,DKI5,46.685516,58.913204,32.84905,7.2306557,18.78674,31.581272,TIDAK SEHAT
2025-09-05_DKI1,2025-09-05,DKI1,53.46505,58.67088,28.557156,10.856444,30.159233,31.813227,TIDAK SEHAT
2025-09-05_DKI2,2025-09-05,DKI2,75.43002,68.60298,36.325157,7.9697137,31.09915,14.817545,TIDAK SEHAT
2025-09-05_DKI3,2025-09-05,DKI3,24.027773,64.04226,48.927383,0.0,45.824158,41.24619,TIDAK SEHAT
2025-09-05_DKI4,2025-09-05,DKI4,52.31384,53.479496,27.788044,6.899799,0.0,9.483567,SEDANG
2025-09-05_DKI5,2025-09-05,DKI5,47.935413,55.166862,30.671453,3.1027908,19.538307,29.630995,SEDANG
2025-09-06_DKI1,2025-09-06,DKI1,50.940475,66.59312,21.973917,6.423734,33.14624,27.617142,TIDAK SEHAT
2025-09-06_DKI2,2025-09-06,DKI2,73.37872,61.27279,36.954163,7.5394025,43.018555,13.944639,TIDAK SEHAT
2025-09-06_DKI3,2025-09-06,DKI3,23.213524,71.97325,51.085346,0.0,59.903255,46.85529,TIDAK SEHAT
2025-09-06_DKI4,2025-09-06,DKI4,46.53132,49.48518,28.615263,8.893637,0.0,4.824597,SEDANG
2025-09-06_DKI5,2025-09-06,DKI5,50.61041,40.633404,38.469906,0.0,30.808094,30.791498,TIDAK SEHAT
2025-09-07_DKI1,2025-09-07,DKI1,48.66845,63.657864,14.944453,0.0,29.460354,33.447517,TIDAK SEHAT
2025-09-07_DKI2,2025-09-07,DKI2,65.77462,60.653427,39.024853,4.713585,34.215202,6.9458075,TIDAK SEHAT
2025-09-07_DKI3,2025-09-07,DKI3,27.5188,78.65471,48.399197,0.0,62.86729,46.519127,TIDAK SEHAT
2025-09-07_DKI4,2025-09-07,DKI4,49.08529,56.485413,32.497204,0.6677034,0.0,0.4819203,TIDAK SEHAT
2025-09-07_DKI5,2025-09-07,DKI5,47.15271,53.437893,40.260704,1.0354147,14.541045,36.932007,SEDANG
2025-09-08_DKI1,2025-09-08,DKI1,56.3689,68.231606,24.604464,0.16286778,27.259058,29.229284,TIDAK SEHAT
2025-09-08_DKI2,2025-09-08,DKI2,68.387535,62.62497,42.30854,7.9535995,29.684046,11.175052,TIDAK SEHAT
2025-09-08_DKI3,2025-09-08,DKI3,30.099646,60.076584,53.756634,1.6270024,45.425053,40.786514,TIDAK SEHAT
2025-09-08_DKI4,2025-09-08,DKI4,49.97022,60.964607,20.049597,0.0,6.8189116,3.787914,TIDAK SEHAT
2025-09-08_DKI5,2025-09-08,DKI5,47.40133,52.467365,40.868843,1.552659,25.451105,34.679665,SEDANG
2025-09-09_DKI1,2025-09-09,DKI1,58.93666,84.32106,25.375578,0.0,19.940928,31.617674,TIDAK SEHAT
2025-09-09_DKI2,2025-09-09,DKI2,70.550705,62.140038,47.180748,10.103719,32.456303,14.417231,TIDAK SEHAT
2025-09-09_DKI3,2025-09-09,DKI3,29.487743,48.028893,49.497364,8.294299,40.366703,39.751747,SEDANG
2025-09-09_DKI4,2025-09-09,DKI4,46.471195,53.586567,23.853039,0.0,24.626572,0.6008233,SEDANG
2025-09-09_DKI5,2025-09-09,DKI5,46.488445,53.927814,36.264458,4.316513,26.328222,36.713673,SEDANG
2025-09-10_DKI1,2025-09-10,DKI1,54.600266,92.88366,25.443737,1.0164385,18.471664,30.001019,TIDAK SEHAT
2025-09-10_DKI2,2025-09-10,DKI2,71.122086,75.7987,47.00204,2.093797,33.373158,16.529047,TIDAK SEHAT
2025-09-10_DKI3,2025-09-10,DKI3,24.777603,50.24344,55.236134,7.1464615,40.420876,37.9206,SEDANG
2025-09-10_DKI4,2025-09-10,DKI4,46.92288,53.19985,23.588127,0.2729186,22.898388,1.2431715,SEDANG
2025-09-10_DKI5,2025-09-10,DKI5,46.124104,58.666046,35.9177,8.92382,12.865418,41.07511,TIDAK SEHAT
2025-09-11_DKI1,2025-09-11,DKI1,56.13637,87.11185,28.223858,5.4649115,27.452404,27.543009,TIDAK SEHAT
2025-09-11_DKI2,2025-09-11,DKI2,70.34813,80.126976,38.967262,6.949017,21.879227,22.458761,TIDAK SEHAT
2025-09-11_DKI3,2025-09-11,DKI3,16.948233,50.691822,53.19285,10.40036,34.209343,42.30864,SEDANG
2025-09-11_DKI4,2025-09-11,DKI4,44.88352,54.087402,28.765331,0.27425882,13.377084,4.8853726,SEDANG
2025-09-11_DKI5,2025-09-11,DKI5,41.116974,69.15909,31.410585,7.965062,8.0691,38.853863,TIDAK SEHAT
2025-09-12_DKI1,2025-09-12,DKI1,52.11256,82.65188,23.931747,6.0659747,16.90127,22.632267,TIDAK SEHAT
2025-09-12_DKI2,2025-09-12,DKI2,63.30582,80.99643,46.508854,8.214295,19.639336,18.49328,TIDAK SEHAT
2025-09-12_DKI3,2025-09-12,DKI3,15.643215,50.13129,44.90797,6.8245482,39.60448,43.20502,SEDANG
2025-09-12_DKI4,2025-09-12,DKI4,45.7289,60.41028,30.378798,5.340341,14.183602,6.4027376,TIDAK SEHAT
2025-09-12_DKI5,2025-09-12,DKI5,40.896572,62.65938,34.176006,8.898929,0.0,39.82299,TIDAK SEHAT
2025-09-13_DKI1,2025-09-13,DKI1,48.4787,84.986755,23.571724,7.5920696,16.927418,26.625237,TIDAK SEHAT
2025-09-13_DKI2,2025-09-13,DKI2,62.31358,65.46495,43.479393,10.542101,13.884556,19.598269,TIDAK SEHAT
2025-09-13_DKI3,2025-09-13,DKI3,21.470797,57.63192,43.517784,10.174845,35.82814,40.36665,TIDAK SEHAT
2025-09-13_DKI4,2025-09-13,DKI4,49.4381,61.116528,23.07406,8.249492,13.522689,6.7472477,TIDAK SEHAT
2025-09-13_DKI5,2025-09-13,DKI5,43.242825,74.3337,32.76039,6.3743973,0.0,32.679646,TIDAK SEHAT
2025-09-14_DKI1,2025-09-14,DKI1,49.011494,70.26905,18.7607,2.764045,33.732834,23.360167,TIDAK SEHAT
2025-09-14_DKI2,2025-09-14,DKI2,61.83938,69.182526,47.573215,13.240374,17.880178,22.376572,TIDAK SEHAT
2025-09-14_DKI3,2025-09-14,DKI3,23.263756,73.81809,52.492393,10.293781,34.558403,40.116554,TIDAK SEHAT
2025-09-14_DKI4,2025-09-14,DKI4,57.74151,47.081787,17.963243,12.391349,35.23792,6.780551,SEDANG
2025-09-14_DKI5,2025-09-14,DKI5,50.47683,72.93835,32.20747,4.02905,2.8008103,39.14705,TIDAK SEHAT
2025-09-15_DKI1,2025-09-15,DKI1,37.90834,63.41013,22.432669,6.5611544,26.81356,20.385176,TIDAK SEHAT
2025-09-15_DKI2,2025-09-15,DKI2,58.942825,79.32216,45.900024,16.143898,0.0,21.851696,TIDAK SEHAT
2025-09-15_DKI3,2025-09-15,DKI3,17.03201,64.25792,45.2576,14.328688,30.884447,40.676388,TIDAK SEHAT
2025-09-15_DKI4,2025-09-15,DKI4,50.038784,62.7503,24.232056,20.60831,29.52629,7.3778367,TIDAK SEHAT
2025-09-15_DKI5,2025-09-15,DKI5,54.34402,65.66654,41.524742,2.9945278,13.209903,40.9704,TIDAK SEHAT
2025-09-16_DKI1,2025-09-16,DKI1,28.927795,67.96685,18.772251,0.8433623,21.418673,22.354551,TIDAK SEHAT
2025-09-16_DKI2,2025-09-16,DKI2,59.78073,73.1956,49.07195,11.880489,11.095634,22.48354,TIDAK SEHAT
2025-09-16_DKI3,2025-09-16,DKI3,19.048973,63.286797,41.24464,13.926261,27.516018,35.698437,TIDAK SEHAT
2025-09-16_DKI4,2025-09-16,DKI4,61.22189,65.43418,28.169424,22.571997,32.77697,4.8409963,TIDAK SEHAT
2025-09-16_DKI5,2025-09-16,DKI5,64.24079,66.360794,35.491062,0.0,7.514288,45.374878,TIDAK SEHAT
2025-09-17_DKI1,2025-09-17,DKI1,27.093494,67.18031,21.348967,0.1910843,29.664375,25.333874,TIDAK SEHAT
2025-09-17_DKI2,2025-09-17,DKI2,63.57307,71.57465,48.37971,17.727434,1.1544862,20.398624,TIDAK SEHAT
2025-09-17_DKI3,2025-09-17,DKI3,22.004301,62.746452,43.887806,4.6701007,29.929163,38.491287,TIDAK SEHAT
2025-09-17_DKI4,2025-09-17,DKI4,49.332497,56.89634,26.802935,20.126774,33.708233,9.574615,TIDAK SEHAT
2025-09-17_DKI5,2025-09-17,DKI5,57.452423,61.07497,28.967125,0.0,0.0,45.216057,TIDAK SEHAT
2025-09-18_DKI1,2025-09-18,DKI1,23.02132,82.7805,26.798145,0.0,29.063261,27.76124,TIDAK SEHAT
2025-09-18_DKI2,2025-09-18,DKI2,74.95144,47.72671,46.03241,15.072878,0.0,22.43148,SEDANG
2025-09-18_DKI3,2025-09-18,DKI3,17.843317,64.08678,40.356377,8.162381,28.580547,35.362114,TIDAK SEHAT
2025-09-18_DKI4,2025-09-18,DKI4,48.3072,44.911377,29.766203,19.787632,33.999786,6.243658,SEDANG
2025-09-18_DKI5,2025-09-18,DKI5,60.154766,60.545864,26.591412,0.0,0.0,39.016487,TIDAK SEHAT
2025-09-19_DKI1,2025-09-19,DKI1,26.488325,76.599754,26.43405,0.0,26.609941,27.81781,TIDAK SEHAT
2025-09-19_DKI2,2025-09-19,DKI2,75.99348,40.35967,49.75549,14.012912,0.0,19.93395,SEDANG
2025-09-19_DKI3,2025-09-19,DKI3,19.674591,53.977837,39.618168,11.000719,5.100506,36.926903,SEDANG
2025-09-19_DKI4,2025-09-19,DKI4,51.361877,39.397614,26.74017,20.279287,27.008316,12.466823,SEDANG
2025-09-19_DKI5,2025-09-19,DKI5,58.88418,72.8025,29.11308,0.0,0.0,43.944347,TIDAK SEHAT
2025-09-20_DKI1,2025-09-20,DKI1,23.039919,67.64476,30.323765,0.12410755,43.08263,23.118637,TIDAK SEHAT
2025-09-20_DKI2,2025-09-20,DKI2,77.37722,27.090225,37.945667,17.02913,0.0,19.16169,SEDANG
2025-09-20_DKI3,2025-09-20,DKI3,20.809416,58.27079,37.369602,4.7267146,17.417414,36.350094,TIDAK SEHAT
2025-09-20_DKI4,2025-09-20,DKI4,52.459465,38.5602,31.173471,20.053022,26.238394,9.802124,SEDANG
2025-09-20_DKI5,2025-09-20,DKI5,68.52374,56.940807,36.31584,0.0,0.0,47.103107,TIDAK SEHAT
2025-09-21_DKI1,2025-09-21,DKI1,17.226263,60.830254,24.719425,0.0,25.828476,23.518667,TIDAK SEHAT
2025-09-21_DKI2,2025-09-21,DKI2,76.83838,32.47502,36.92613,10.903383,0.0,26.472336,SEDANG
2025-09-21_DKI3,2025-09-21,DKI3,15.375401,58.723656,41.806927,1.5605469,0.0,35.12804,TIDAK SEHAT
2025-09-21_DKI4,2025-09-21,DKI4,48.59069,35.20446,29.496796,22.424568,37.381596,12.857157,SEDANG
2025-09-21_DKI5,2025-09-21,DKI5,61.086998,58.160103,33.33345,0.0,0.0,42.03759,TIDAK SEHAT
2025-09-22_DKI1,2025-09-22,DKI1,27.460617,61.85295,19.761898,0.0,23.31893,17.524899,TIDAK SEHAT
2025-09-22_DKI2,2025-09-22,DKI2,66.44168,35.307186,37.647556,16.496733,0.0,30.29232,SEDANG
2025-09-22_DKI3,2025-09-22,DKI3,18.550135,74.985954,41.80183,4.529176,0.0,34.19962,TIDAK SEHAT
2025-09-22_DKI4,2025-09-22,DKI4,47.336807,33.798775,25.73996,22.124918,30.11753,15.347085,SEDANG
2025-09-22_DKI5,2025-09-22,DKI5,54.22505,58.60348,36.630573,0.0,0.0,46.47465,TIDAK SEHAT
2025-09-23_DKI1,2025-09-23,DKI1,27.581507,61.38864,21.609,0.0,17.341125,19.412832,TIDAK SEHAT
2025-09-23_DKI2,2025-09-23,DKI2,67.25399,38.20786,39.805637,14.210348,0.0,28.724447,SEDANG
2025-09-23_DKI3,2025-09-23,DKI3,22.498339,76.523865,48.314987,6.859451,0.0,37.373665,TIDAK SEHAT
2025-09-23_DKI4,2025-09-23,DKI4,44.677322,28.224457,26.605175,23.86328,29.20963,15.951137,SEDANG
2025-09-23_DKI5,2025-09-23,DKI5,49.340878,56.6384,32.435833,0.0,16.244186,40.717144,TIDAK SEHAT
2025-09-24_DKI1,2025-09-24,DKI1,29.26658,79.90577,21.335436,0.0,0.0,21.612915,TIDAK SEHAT
2025-09-24_DKI2,2025-09-24,DKI2,68.45125,38.196297,37.516106,12.556842,21.462458,24.644728,SEDANG
2025-09-24_DKI3,2025-09-24,DKI3,28.85848,69.31356,41.493633,13.145119,0.0,34.038445,TIDAK SEHAT
2025-09-24_DKI4,2025-09-24,DKI4,41.76591,35.67909,25.54378,21.794601,31.039482,15.943246,SEDANG
2025-09-24_DKI5,2025-09-24,DKI5,36.75216,53.677383,31.689566,0.0,28.945292,35.500202,SEDANG
2025-09-25_DKI1,2025-09-25,DKI1,22.763378,75.749275,15.727751,0.0,0.0,22.556328,TIDAK SEHAT
2025-09-25_DKI2,2025-09-25,DKI2,82.44301,49.71617,29.417318,21.671526,19.02965,21.98413,SEDANG
2025-09-25_DKI3,2025-09-25,DKI3,34.42542,56.516075,49.073586,17.285429,0.0,29.756662,TIDAK SEHAT
2025-09-25_DKI4,2025-09-25,DKI4,46.87891,29.687784,27.92345,23.142923,29.224298,18.021034,SEDANG
2025-09-25_DKI5,2025-09-25,DKI5,34.011013,60.091843,22.834034,0.0,21.08174,41.937687,TIDAK SEHAT
2025-09-26_DKI1,2025-09-26,DKI1,21.641743,75.60001,14.834273,0.0,0.0,19.93366,TIDAK SEHAT
2025-09-26_DKI2,2025-09-26,DKI2,80.76389,42.251724,32.221565,15.457027,22.389982,27.30913,SEDANG
2025-09-26_DKI3,2025-09-26,DKI3,26.368486,56.078197,52.942654,16.388615,2.5552073,29.439892,TIDAK SEHAT
2025-09-26_DKI4,2025-09-26,DKI4,48.83336,36.86467,25.862953,19.85344,15.218467,21.87945,SEDANG
2025-09-26_DKI5,2025-09-26,DKI5,30.289768,55.677418,16.824932,0.0,18.17654,44.68945,TIDAK SEHAT
2025-09-27_DKI1,2025-09-27,DKI1,24.154003,82.03609,21.56632,0.0,0.0,23.53391,TIDAK SEHAT
2025-09-27_DKI2,2025-09-27,DKI2,81.907036,44.7089,27.976875,9.064378,0.95621926,26.895195,SEDANG
2025-09-27_DKI3,2025-09-27,DKI3,21.481052,50.523483,53.759,9.854587,16.263857,28.884365,SEDANG
2025-09-27_DKI4,2025-09-27,DKI4,44.949875,44.43196,25.52658,19.202925,3.0311184,24.810673,SEDANG
2025-09-27_DKI5,2025-09-27,DKI5,31.828611,33.581955,21.789377,0.0,21.73296,44.44222,SEDANG
2025-09-28_DKI1,2025-09-28,DKI1,19.633266,79.97196,19.09226,0.0,0.0,25.142216,TIDAK SEHAT
2025-09-28_DKI2,2025-09-28,DKI2,81.12875,52.229927,32.25214,11.125498,2.5151637,28.53253,SEDANG
2025-09-28_DKI3,2025-09-28,DKI3,24.8903,48.105553,55.431778,8.964203,0.0,23.489855,SEDANG
2025-09-28_DKI4,2025-09-28,DKI4,50.013176,33.960056,36.88198,17.90391,9.742058,19.272598,TIDAK SEHAT
2025-09-28_DKI5,2025-09-28,DKI5,34.241985,24.66326,27.008785,6.128462,36.94307,46.349445,SEDANG
2025-09-29_DKI1,2025-09-29,DKI1,23.769325,83.368965,20.135439,2.4240315,0.0,17.71427,TIDAK SEHAT
2025-09-29_DKI2,2025-09-29,DKI2,74.33416,52.8557,34.95989,7.9646974,0.0,25.46638,SEDANG
2025-09-29_DKI3,2025-09-29,DKI3,27.951908,52.021423,52.95364,8.53849,3.6650531,24.050303,TIDAK SEHAT
2025-09-29_DKI4,2025-09-29,DKI4,51.387016,32.70179,40.11387,19.851318,0.0,17.45672,SEDANG
2025-09-29_DKI5,2025-09-29,DKI5,44.660248,26.137083,31.229841,10.013434,14.758183,45.1092,SEDANG
2025-09-30_DKI1,2025-09-30,DKI1,22.244764,85.15374,19.212067,11.430479,0.0,12.909143,TIDAK SEHAT
2025-09-30_DKI2,2025-09-30,DKI2,80.64145,54.12047,35.620087,5.354772,19.574816,22.926365,SEDANG
2025-09-30_DKI3,2025-09-30,DKI3,30.714138,54.66963,48.640636,8.682705,10.771784,22.300045,SEDANG
2025-09-30_DKI4,2025-09-30,DKI4,55.340458,42.510326,37.48179,20.103025,6.331697,15.185993,SEDANG
2025-09-30_DKI5,2025-09-30,DKI5,49.06155,37.08695,32.63135,10.621805,11.472781,41.569206,SEDANG
2025-10-01_DKI1,2025-10-01,DKI1,22.532988,90.26244,20.994572,5.5710588,1.7468872,15.238038,TIDAK SEHAT
2025-10-01_DKI2,2025-10-01,DKI2,84.2173,49.444214,43.17416,5.714554,21.865995,23.488533,SEDANG
2025-10-01_DKI3,2025-10-01,DKI3,51.13747,56.727417,56.756817,14.099479,0.0,24.014673,TIDAK SEHAT
2025-10-01_DKI4,2025-10-01,DKI4,57.913826,45.387558,37.212734,18.955093,0.0,14.856367,SEDANG
2025-10-01_DKI5,2025-10-01,DKI5,44.814587,44.161144,19.764194,8.125039,1.311734,39.441605,SEDANG
2025-10-02_DKI1,2025-10-02,DKI1,21.126322,77.08224,23.297323,4.5199285,2.695261,14.693463,TIDAK SEHAT
2025-10-02_DKI2,2025-10-02,DKI2,87.64569,49.1166,48.411392,7.845562,30.878809,26.37838,SEDANG
2025-10-02_DKI3,2025-10-02,DKI3,51.881252,68.06885,55.781113,10.190588,0.0,28.766468,TIDAK SEHAT
2025-10-02_DKI4,2025-10-02,DKI4,52.390945,53.58736,31.118923,21.815422,0.0,14.892118,SEDANG
2025-10-02_DKI5,2025-10-02,DKI5,39.264458,29.045557,17.145784,8.482944,4.270568,34.619995,SEDANG
2025-10-03_DKI1,2025-10-03,DKI1,33.04849,82.76564,26.451853,4.191166,3.2243762,12.121744,TIDAK SEHAT
2025-10-03_DKI2,2025-10-03,DKI2,81.59287,57.16263,43.22646,7.8220773,43.896297,33.128563,TIDAK SEHAT
2025-10-03_DKI3,2025-10-03,DKI3,55.585323,70.48174,50.20789,13.302603,0.0,26.321993,TIDAK SEHAT
2025-10-03_DKI4,2025-10-03,DKI4,48.86501,62.688606,37.36853,23.338015,0.0,14.383932,TIDAK SEHAT
2025-10-03_DKI5,2025-10-03,DKI5,41.74125,36.919117,11.418466,6.9879665,10.5132475,30.67525,SEDANG
2025-10-04_DKI1,2025-10-04,DKI1,33.75142,80.388596,28.974323,1.6438998,0.0,12.390276,TIDAK SEHAT
2025-10-04_DKI2,2025-10-04,DKI2,88.57143,42.724255,35.131683,10.657598,63.782856,28.692732,SEDANG
2025-10-04_DKI3,2025-10-04,DKI3,57.943233,90.91,52.406216,20.345911,0.0,28.69938,TIDAK SEHAT
2025-10-04_DKI4,2025-10-04,DKI4,52.718277,53.37452,35.583935,19.063963,0.0,15.270005,SEDANG
2025-10-04_DKI5,2025-10-04,DKI5,34.231525,40.473114,12.863292,4.9494357,33.51726,35.555225,SEDANG
2025-10-05_DKI1,2025-10-05,DKI1,28.772257,80.82648,32.608032,6.6590447,0.0,10.260709,TIDAK SEHAT
2025-10-05_DKI2,2025-10-05,DKI2,79.77945,44.469765,42.090214,6.272126,38.429245,24.03304,SEDANG
2025-10-05_DKI3,2025-10-05,DKI3,58.439064,89.085884,53.446003,16.830126,0.0,33.799477,TIDAK SEHAT
2025-10-05_DKI4,2025-10-05,DKI4,55.450363,50.461224,39.443943,17.478832,0.0,19.167183,SEDANG
2025-10-05_DKI5,2025-10-05,DKI5,44.41054,38.640095,13.083074,2.1620505,14.236644,35.423176,SEDANG
2025-10-06_DKI1,2025-10-06,DKI1,34.395855,76.67656,34.09348,6.5180125,0.0,13.454088,TIDAK SEHAT
2025-10-06_DKI2,2025-10-06,DKI2,82.554344,42.665905,52.41354,12.161837,41.17435,19.474356,TIDAK SEHAT
2025-10-06_DKI3,2025-10-06,DKI3,53.690304,82.94455,56.98991,13.859143,0.0,33.389442,TIDAK SEHAT
2025-10-06_DKI4,2025-10-06,DKI4,54.51667,53.584576,42.59431,17.974857,0.0,14.862191,SEDANG
2025-10-06_DKI5,2025-10-06,DKI5,50.067593,37.13034,18.553219,4.997064,30.58995,31.28778,TIDAK SEHAT
2025-10-07_DKI1,2025-10-07,DKI1,28.475546,89.140884,34.399033,11.644899,0.0,14.545282,TIDAK SEHAT
2025-10-07_DKI2,2025-10-07,DKI2,93.66979,45.111897,48.17769,6.0743494,44.115284,23.666328,SEDANG
2025-10-07_DKI3,2025-10-07,DKI3,55.18957,68.78445,54.417572,16.384295,5.349369,28.35703,TIDAK SEHAT
2025-10-07_DKI4,2025-10-07,DKI4,54.419216,51.858418,44.84509,24.564583,0.0,18.516735,SEDANG
2025-10-07_DKI5,2025-10-07,DKI5,46.298973,44.45021,26.363659,12.274278,24.362776,35.86006,SEDANG
2025-10-08_DKI1,2025-10-08,DKI1,30.830778,71.0113,31.49917,9.701236,0.0,15.786805,TIDAK SEHAT
2025-10-08_DKI2,2025-10-08,DKI2,86.57845,61.911232,48.957653,7.5529675,53.88588,26.594242,TIDAK SEHAT
2025-10-08_DKI3,2025-10-08,DKI3,48.306767,57.487267,50.180557,19.779879,2.943322,30.104452,TIDAK SEHAT
2025-10-08_DKI4,2025-10-08,DKI4,60.567375,55.16565,46.852055,27.665855,36.797382,19.276218,SEDANG
2025-10-08_DKI5,2025-10-08,DKI5,36.22195,48.707237,31.311684,11.555076,0.0,31.316626,SEDANG
2025-10-09_DKI1,2025-10-09,DKI1,21.296387,81.98542,17.439821,11.202729,0.0,12.802278,TIDAK SEHAT
2025-10-09_DKI2,2025-10-09,DKI2,82.47619,59.45272,44.052044,14.711683,45.839226,20.636522,TIDAK SEHAT
2025-10-09_DKI3,2025-10-09,DKI3,44.992844,64.908615,45.467293,17.735846,0.0,36.364506,TIDAK SEHAT
2025-10-09_DKI4,2025-10-09,DKI4,56.0551,67.10605,49.29433,24.450075,19.56655,21.670584,TIDAK SEHAT
2025-10-09_DKI5,2025-10-09,DKI5,43.63529,42.228355,32.44545,6.326595,1.3627061,32.398056,SEDANG
2025-10-10_DKI1,2025-10-10,DKI1,16.109148,75.404594,16.76798,9.710539,0.0,7.6183567,TIDAK SEHAT
2025-10-10_DKI2,2025-10-10,DKI2,82.36308,72.57061,40.944935,12.961915,39.72077,20.103554,TIDAK SEHAT
2025-10-10_DKI3,2025-10-10,DKI3,40.674583,69.545746,41.347595,17.26155,0.0,40.577244,TIDAK SEHAT
2025-10-10_DKI4,2025-10-10,DKI4,58.113464,64.64938,56.056572,19.642794,29.974411,24.049921,TIDAK SEHAT
2025-10-10_DKI5,2025-10-10,DKI5,42.41578,35.77657,39.180573,9.858563,2.0744832,37.231316,SEDANG
2025-10-11_DKI1,2025-10-11,DKI1,19.636517,86.96619,14.372974,8.424208,0.0,10.308498,TIDAK SEHAT
2025-10-11_DKI2,2025-10-11,DKI2,79.01997,81.29583,54.3348,16.780947,38.62034,19.472515,TIDAK SEHAT
2025-10-11_DKI3,2025-10-11,DKI3,39.83659,67.8702,45.495716,11.7625885,0.0,46.60983,TIDAK SEHAT
2025-10-11_DKI4,2025-10-11,DKI4,55.93917,65.74886,55.07665,23.609076,32.20782,26.394905,TIDAK SEHAT
2025-10-11_DKI5,2025-10-11,DKI5,48.58603,39.468388,36.321877,12.09394,0.0,34.1174,SEDANG
2025-10-12_DKI1,2025-10-12,DKI1,25.721834,94.934494,12.629887,9.601701,0.0,12.899782,TIDAK SEHAT
2025-10-12_DKI2,2025-10-12,DKI2,70.38339,80.672295,55.136,12.920629,44.22456,21.928562,TIDAK SEHAT
2025-10-12_DKI3,2025-10-12,DKI3,51.08179,65.29572,48.29103,14.12501,0.0,44.54571,TIDAK SEHAT
2025-10-12_DKI4,2025-10-12,DKI4,53.899067,63.996243,54.489975,22.66324,29.54604,27.995491,TIDAK SEHAT
2025-10-12_DKI5,2025-10-12,DKI5,38.91825,56.584248,39.76422,9.773789,0.0,37.912777,TIDAK SEHAT
2025-10-13_DKI1,2025-10-13,DKI1,28.15093,100.47293,6.4349732,11.917422,0.0,10.338196,TIDAK SEHAT
2025-10-13_DKI2,2025-10-13,DKI2,71.31249,80.56414,54.30884,8.348867,50.134598,18.543938,TIDAK SEHAT
2025-10-13_DKI3,2025-10-13,DKI3,38.728046,57.726837,52.541992,11.403578,11.333953,39.887413,TIDAK SEHAT
2025-10-13_DKI4,2025-10-13,DKI4,59.137863,47.13104,42.93244,17.565868,21.507101,26.978174,SEDANG
2025-10-13_DKI5,2025-10-13,DKI5,35.56485,65.63623,35.564583,5.5748386,0.0,34.399616,TIDAK SEHAT
2025-10-14_DKI1,2025-10-14,DKI1,28.794638,103.97786,11.989748,8.872508,0.0,12.37349,TIDAK SEHAT
2025-10-14_DKI2,2025-10-14,DKI2,66.07119,81.21218,53.867188,2.5347028,27.537151,12.631491,TIDAK SEHAT
2025-10-14_DKI3,2025-10-14,DKI3,41.332787,56.62607,54.58701,11.301165,5.78698,40.650467,TIDAK SEHAT
2025-10-14_DKI4,2025-10-14,DKI4,62.38369,41.59647,38.653652,14.226592,20.090658,20.918283,SEDANG
2025-10-14_DKI5,2025-10-14,DKI5,35.796124,70.17212,36.073597,4.128533,0.0,35.495903,TIDAK SEHAT
2025-10-15_DKI1,2025-10-15,DKI1,28.377302,118.52061,5.2927194,6.1780643,0.0,10.573816,TIDAK SEHAT
2025-10-15_DKI2,2025-10-15,DKI2,69.608215,73.82603,47.24281,2.0424392,21.549526,9.090526,TIDAK SEHAT
2025-10-15_DKI3,2025-10-15,DKI3,31.321936,57.93065,52.009193,10.028619,18.56197,41.665115,TIDAK SEHAT
2025-10-15_DKI4,2025-10-15,DKI4,65.240944,41.552273,32.098637,17.169546,8.526398,23.85716,SEDANG
2025-10-15_DKI5,2025-10-15,DKI5,36.22857,61.096275,39.62295,4.9748173,0.0,37.20687,TIDAK SEHAT
2025-10-16_DKI1,2025-10-16,DKI1,21.674038,108.951836,9.47529,4.417395,0.0,9.541761,TIDAK SEHAT
2025-10-16_DKI2,2025-10-16,DKI2,65.30521,78.67646,48.556587,9.276986,22.620928,17.127625,TIDAK SEHAT
2025-10-16_DKI3,2025-10-16,DKI3,28.442953,42.149544,62.558125,12.908097,13.23932,42.082397,SEDANG
2025-10-16_DKI4,2025-10-16,DKI4,70.456406,39.55329,32.973335,19.454773,0.0,25.406292,SEDANG
2025-10-16_DKI5,2025-10-16,DKI5,33.946552,54.92876,40.05957,4.687236,0.0,43.856205,SEDANG
2025-10-17_DKI1,2025-10-17,DKI1,19.718374,100.44832,10.314832,4.653696,0.0,10.43728,TIDAK SEHAT
2025-10-17_DKI2,2025-10-17,DKI2,74.703285,73.22639,56.40329,11.118261,18.294195,20.036688,TIDAK SEHAT
2025-10-17_DKI3,2025-10-17,DKI3,34.240337,49.666466,60.767986,10.715927,14.434241,41.313026,SEDANG
2025-10-17_DKI4,2025-10-17,DKI4,68.24732,47.681946,35.59618,18.059305,0.0,26.793116,SEDANG
2025-10-17_DKI5,2025-10-17,DKI5,37.658783,61.064594,35.333347,5.624649,0.19079058,46.298668,TIDAK SEHAT
2025-10-18_DKI1,2025-10-18,DKI1,19.351294,92.20423,14.056009,0.3390199,0.0,18.553545,TIDAK SEHAT
2025-10-18_DKI2,2025-10-18,DKI2,70.62258,73.45609,61.754463,14.121087,33.000423,20.924868,TIDAK SEHAT
2025-10-18_DKI3,2025-10-18,DKI3,33.951214,34.636093,52.119705,7.1544547,0.0,38.905205,TIDAK SEHAT
2025-10-18_DKI4,2025-10-18,DKI4,69.8112,57.260902,37.262695,13.938937,0.0,27.256004,TIDAK SEHAT
2025-10-18_DKI5,2025-10-18,DKI5,31.91489,67.68535,35.208866,6.9962487,0.0,44.1286,TIDAK SEHAT
2025-10-19_DKI1,2025-10-19,DKI1,27.177649,97.30428,19.383154,0.5405696,0.0,22.008575,TIDAK SEHAT
2025-10-19_DKI2,2025-10-19,DKI2,69.42847,55.990723,57.724945,25.037024,38.087837,20.944733,TIDAK SEHAT
2025-10-19_DKI3,2025-10-19,DKI3,27.553555,39.830223,55.89965,7.0948195,7.351439,41.49299,SEDANG
2025-10-19_DKI4,2025-10-19,DKI4,65.88632,51.825085,30.176332,11.147197,0.0,29.955208,SEDANG
2025-10-19_DKI5,2025-10-19,DKI5,31.717802,60.904846,38.651382,7.8138394,0.0,38.54011,TIDAK SEHAT
2025-10-20_DKI1,2025-10-20,DKI1,30.386868,84.280785,29.26955,5.731599,0.0,18.783703,TIDAK SEHAT
2025-10-20_DKI2,2025-10-20,DKI2,74.45658,50.82493,52.387287,24.96564,31.044714,19.206146,TIDAK SEHAT
2025-10-20_DKI3,2025-10-20,DKI3,23.743483,41.48257,53.87977,11.124288,10.857158,40.98972,SEDANG
2025-10-20_DKI4,2025-10-20,DKI4,65.7635,60.878365,35.389397,9.583657,0.0,29.926445,TIDAK SEHAT
2025-10-20_DKI5,2025-10-20,DKI5,32.952087,59.877766,41.54717,6.321556,0.0,35.35037,TIDAK SEHAT
2025-10-21_DKI1,2025-10-21,DKI1,21.953594,90.85433,35.31855,1.5657852,19.110659,21.298655,TIDAK SEHAT
2025-10-21_DKI2,2025-10-21,DKI2,67.995,57.249016,54.569824,23.084929,25.5207,19.417053,TIDAK SEHAT
2025-10-21_DKI3,2025-10-21,DKI3,27.810877,45.63647,52.50382,10.195862,0.0,41.117397,TIDAK SEHAT
2025-10-21_DKI4,2025-10-21,DKI4,63.211407,56.41694,37.317905,4.807887,0.3147195,30.71252,TIDAK SEHAT
2025-10-21_DKI5,2025-10-21,DKI5,36.181145,53.645393,51.735523,4.453662,0.0,33.248104,SEDANG
2025-10-22_DKI1,2025-10-22,DKI1,25.580236,86.47938,39.36177,1.7207437,26.63268,22.62946,TIDAK SEHAT
2025-10-22_DKI2,2025-10-22,DKI2,70.01688,49.89711,53.694286,23.2222,33.672108,20.72212,SEDANG
2025-10-22_DKI3,2025-10-22,DKI3,23.894123,41.926903,51.50061,16.510704,0.0,37.342484,SEDANG
2025-10-22_DKI4,2025-10-22,DKI4,62.135212,58.953148,36.264767,4.5417085,0.0,30.74734,TIDAK SEHAT
2025-10-22_DKI5,2025-10-22,DKI5,40.146954,50.08155,52.31637,3.7635682,0.0,31.502304,TIDAK SEHAT
2025-10-23_DKI1,2025-10-23,DKI1,25.033024,76.37113,44.730625,9.063307,13.238853,24.14098,TIDAK SEHAT
2025-10-23_DKI2,2025-10-23,DKI2,77.638985,54.82127,52.2213,26.029627,47.97897,22.271828,TIDAK SEHAT
2025-10-23_DKI3,2025-10-23,DKI3,25.457458,57.133606,53.16807,18.051899,0.0,43.727737,TIDAK SEHAT
2025-10-23_DKI4,2025-10-23,DKI4,63.84385,55.7026,30.24545,1.9685421,8.959627,32.863956,TIDAK SEHAT
2025-10-23_DKI5,2025-10-23,DKI5,33.8478,59.43009,51.689716,5.205466,0.0,36.300694,TIDAK SEHAT
2025-10-24_DKI1,2025-10-24,DKI1,22.972134,67.195404,43.315723,7.2422347,0.0,24.92407,TIDAK SEHAT
2025-10-24_DKI2,2025-10-24,DKI2,68.835144,52.591873,48.028885,25.124636,45.863712,23.304134,SEDANG
2025-10-24_DKI3,2025-10-24,DKI3,25.946083,63.095894,47.86755,16.03677,0.0,44.29932,TIDAK SEHAT
2025-10-24_DKI4,2025-10-24,DKI4,57.78587,45.23595,30.515547,2.1577108,26.753136,35.51143,SEDANG
2025-10-24_DKI5,2025-10-24,DKI5,25.977983,57.63664,41.968555,5.405315,0.0,36.313244,TIDAK SEHAT
2025-10-25_DKI1,2025-10-25,DKI1,28.042496,61.16103,42.227974,4.4729395,23.233292,24.586771,TIDAK SEHAT
2025-10-25_DKI2,2025-10-25,DKI2,70.542854,62.442657,51.298683,25.394106,34.227283,19.140892,TIDAK SEHAT
2025-10-25_DKI3,2025-10-25,DKI3,22.639112,67.80727,46.441338,15.033594,0.0,40.04643,TIDAK SEHAT
2025-10-25_DKI4,2025-10-25,DKI4,67.97583,40.28988,32.332924,0.0,42.481735,29.888027,SEDANG
2025-10-25_DKI5,2025-10-25,DKI5,34.00623,50.905884,38.648907,8.1679,0.0,35.388023,SEDANG
2025-10-26_DKI1,2025-10-26,DKI1,34.85934,50.272007,38.69666,6.2020106,3.4178495,17.630308,SEDANG
2025-10-26_DKI2,2025-10-26,DKI2,72.48419,73.42893,50.848507,23.47312,41.287006,18.11905,TIDAK SEHAT
2025-10-26_DKI3,2025-10-26,DKI3,34.68661,65.59894,47.122868,16.107456,0.0,35.236546,TIDAK SEHAT
2025-10-26_DKI4,2025-10-26,DKI4,60.4954,28.95624,36.791477,1.8587502,34.486004,33.163292,SEDANG
2025-10-26_DKI5,2025-10-26,DKI5,36.1511,40.449955,32.101578,13.892809,0.0,35.65031,SEDANG
2025-10-27_DKI1,2025-10-27,DKI1,40.458595,56.31056,39.01168,6.76917,12.321543,15.240737,TIDAK SEHAT
2025-10-27_DKI2,2025-10-27,DKI2,77.0364,74.7619,50.00327,22.427233,18.252943,21.573292,TIDAK SEHAT
2025-10-27_DKI3,2025-10-27,DKI3,37.414207,64.43245,53.54529,19.706984,0.0,34.386124,TIDAK SEHAT
2025-10-27_DKI4,2025-10-27,DKI4,52.64426,38.250168,32.29499,1.4859846,37.432304,30.719448,SEDANG
2025-10-27_DKI5,2025-10-27,DKI5,32.27306,41.635128,38.914867,14.947309,20.101954,37.31207,SEDANG
2025-10-28_DKI1,2025-10-28,DKI1,35.98294,64.41908,42.928844,10.352503,5.134162,17.18314,TIDAK SEHAT
2025-10-28_DKI2,2025-10-28,DKI2,70.28413,74.4373,49.544754,27.064157,10.312611,18.530977,TIDAK SEHAT
2025-10-28_DKI3,2025-10-28,DKI3,25.578756,70.992065,49.66468,26.337671,0.0,33.850792,TIDAK SEHAT
2025-10-28_DKI4,2025-10-28,DKI4,58.327408,50.975464,30.12341,5.397603,60.410965,31.126772,SEDANG
2025-10-28_DKI5,2025-10-28,DKI5,41.141506,41.412403,36.80364,17.697956,12.781215,36.020477,SEDANG
2025-10-29_DKI1,2025-10-29,DKI1,34.803196,72.56312,41.389324,4.8308377,8.94404,19.44241,TIDAK SEHAT
2025-10-29_DKI2,2025-10-29,DKI2,63.75831,74.583084,50.819813,24.284243,23.144455,19.932177,TIDAK SEHAT
2025-10-29_DKI3,2025-10-29,DKI3,26.812378,80.19457,47.34376,28.738234,12.564635,41.266293,TIDAK SEHAT
2025-10-29_DKI4,2025-10-29,DKI4,61.47288,58.864925,26.355215,7.26324,56.58126,29.571928,TIDAK SEHAT
2025-10-29_DKI5,2025-10-29,DKI5,41.40859,55.10525,30.08834,21.045588,0.0,38.330536,SEDANG
2025-10-30_DKI1,2025-10-30,DKI1,37.183464,67.34044,40.086544,5.7520194,20.911684,21.439177,TIDAK SEHAT
2025-10-30_DKI2,2025-10-30,DKI2,67.78645,74.22427,45.653435,24.579473,14.739862,21.359728,TIDAK SEHAT
2025-10-30_DKI3,2025-10-30,DKI3,23.364037,89.25194,53.18053,29.907957,7.9740806,41.78891,TIDAK SEHAT
2025-10-30_DKI4,2025-10-30,DKI4,63.4034,56.338543,27.969805,7.448935,50.458736,26.905493,TIDAK SEHAT
2025-10-30_DKI5,2025-10-30,DKI5,47.365063,49.235928,30.13773,13.898773,2.5086536,41.057087,SEDANG
2025-10-31_DKI1,2025-10-31,DKI1,42.78819,70.03934,36.061386,6.759349,0.0,22.848986,TIDAK SEHAT
2025-10-31_DKI2,2025-10-31,DKI2,70.20283,83.507484,40.7658,23.162914,24.617624,22.520372,TIDAK SEHAT
2025-10-31_DKI3,2025-10-31,DKI3,28.398226,85.948746,55.850697,30.582008,14.8156595,36.045464,TIDAK SEHAT
2025-10-31_DKI4,2025-10-31,DKI4,65.16358,62.071686,27.265488,4.11877,44.346947,25.912851,TIDAK SEHAT
2025-10-31_DKI5,2025-10-31,DKI5,46.750988,43.12239,29.855703,9.846146,11.969659,43.77078,SEDANG
2025-11-01_DKI1,2025-11-01,DKI1,40.014515,70.07117,42.428333,6.9620214,0.0,16.646463,TIDAK SEHAT
2025-11-01_DKI2,2025-11-01,DKI2,72.12771,102.26121,29.681704,23.180273,39.27303,27.107931,TIDAK SEHAT
2025-11-01_DKI3,2025-11-01,DKI3,24.08871,83.79219,56.32239,32.598103,30.56041,36.5482,TIDAK SEHAT
2025-11-01_DKI4,2025-11-01,DKI4,63.30508,46.221714,26.978376,5.836767,39.24805,25.186424,SEDANG
2025-11-01_DKI5,2025-11-01,DKI5,56.910305,50.166485,32.40058,6.28846,0.0,49.137257,SEDANG
2025-11-02_DKI1,2025-11-02,DKI1,39.095615,75.53459,41.10852,4.9147787,15.882869,16.912813,TIDAK SEHAT
2025-11-02_DKI2,2025-11-02,DKI2,74.37578,88.745186,32.584373,19.282509,57.546383,25.82132,TIDAK SEHAT
2025-11-02_DKI3,2025-11-02,DKI3,23.852684,84.024,52.68525,25.527267,21.86567,39.002796,TIDAK SEHAT
2025-11-02_DKI4,2025-11-02,DKI4,56.876236,55.57874,24.17703,1.9917717,37.49188,27.604866,TIDAK SEHAT
2025-11-02_DKI5,2025-11-02,DKI5,64.41238,53.269783,33.74467,11.910602,23.879766,48.966698,SEDANG
2025-11-03_DKI1,2025-11-03,DKI1,33.32072,78.49838,42.34872,6.356015,26.210588,22.03499,TIDAK SEHAT
2025-11-03_DKI2,2025-11-03,DKI2,70.88259,78.997444,42.299664,19.670082,60.397278,24.76415,TIDAK SEHAT
2025-11-03_DKI3,2025-11-03,DKI3,26.970768,79.53797,57.40809,27.330303,28.170267,40.086327,TIDAK SEHAT
2025-11-03_DKI4,2025-11-03,DKI4,56.31967,70.54913,28.48695,0.0,45.700207,26.531523,TIDAK SEHAT
2025-11-03_DKI5,2025-11-03,DKI5,60.39273,54.289944,35.64543,14.002147,22.633333,42.575573,SEDANG
2025-11-04_DKI1,2025-11-04,DKI1,27.64033,78.35798,40.06579,11.22935,47.49572,13.694374,TIDAK SEHAT
2025-11-04_DKI2,2025-11-04,DKI2,72.64147,89.16148,47.12389,19.225815,71.739136,23.26492,TIDAK SEHAT
2025-11-04_DKI3,2025-11-04,DKI3,31.715878,71.95707,56.8121,25.260094,25.537523,38.809677,TIDAK SEHAT
2025-11-04_DKI4,2025-11-04,DKI4,51.772186,74.62866,32.697186,0.0,40.536102,21.015556,TIDAK SEHAT
2025-11-04_DKI5,2025-11-04,DKI5,63.334435,56.530125,34.4406,9.271417,33.006203,42.53415,TIDAK SEHAT
2025-11-05_DKI1,2025-11-05,DKI1,33.323273,62.801144,40.97099,11.611828,34.97492,16.740612,TIDAK SEHAT
2025-11-05_DKI2,2025-11-05,DKI2,74.55132,78.46937,46.72416,22.235022,78.135155,23.379047,TIDAK SEHAT
2025-11-05_DKI3,2025-11-05,DKI3,24.883135,72.06882,56.78847,27.787516,23.013817,40.47037,TIDAK SEHAT
2025-11-05_DKI4,2025-11-05,DKI4,56.559116,68.998024,35.5998,0.0,34.554054,24.30904,TIDAK SEHAT
2025-11-05_DKI5,2025-11-05,DKI5,64.228935,53.61301,35.045967,5.001538,36.31823,37.985756,SEDANG
2025-11-06_DKI1,2025-11-06,DKI1,41.359943,62.19648,31.576498,12.240994,28.710852,25.649931,TIDAK SEHAT
2025-11-06_DKI2,2025-11-06,DKI2,70.8561,67.02715,41.382,20.578358,58.894806,20.864063,TIDAK SEHAT
2025-11-06_DKI3,2025-11-06,DKI3,23.38661,74.599335,56.79469,31.35235,20.372295,34.246357,TIDAK SEHAT
2025-11-06_DKI4,2025-11-06,DKI4,54.836563,74.569534,27.554611,5.3972635,30.437016,23.98917,TIDAK SEHAT
2025-11-06_DKI5,2025-11-06,DKI5,68.9209,55.24882,26.296879,0.0,37.495403,33.48946,SEDANG
2025-11-07_DKI1,2025-11-07,DKI1,40.91727,63.84937,31.85321,13.558113,25.395885,25.834648,TIDAK SEHAT
2025-11-07_DKI2,2025-11-07,DKI2,81.39648,84.34465,39.98231,23.849382,68.10758,21.105242,TIDAK SEHAT
2025-11-07_DKI3,2025-11-07,DKI3,21.284964,77.27576,56.856705,30.49726,11.524838,35.852406,TIDAK SEHAT
2025-11-07_DKI4,2025-11-07,DKI4,49.640205,73.42255,29.129093,5.019914,43.00528,23.79094,TIDAK SEHAT
2025-11-07_DKI5,2025-11-07,DKI5,60.602707,62.161854,19.105848,0.0,31.958605,30.771797,TIDAK SEHAT
2025-11-08_DKI1,2025-11-08,DKI1,46.299026,58.957306,28.74734,12.593962,27.346556,26.78286,TIDAK SEHAT
2025-11-08_DKI2,2025-11-08,DKI2,83.40226,81.00761,37.494812,28.166376,60.668194,19.995398,TIDAK SEHAT
2025-11-08_DKI3,2025-11-08,DKI3,18.434814,74.93936,60.229572,23.898836,19.754425,40.7138,TIDAK SEHAT
2025-11-08_DKI4,2025-11-08,DKI4,47.672672,63.69676,31.995632,0.0,35.616997,22.352163,TIDAK SEHAT
2025-11-08_DKI5,2025-11-08,DKI5,61.988976,53.4573,18.546637,2.1213892,47.959904,28.313902,SEDANG
2025-11-09_DKI1,2025-11-09,DKI1,47.69294,57.924606,34.564102,10.1359825,19.96274,29.813875,TIDAK SEHAT
2025-11-09_DKI2,2025-11-09,DKI2,76.25871,78.19535,39.68411,28.377964,50.88486,21.253513,TIDAK SEHAT
2025-11-09_DKI3,2025-11-09,DKI3,28.868668,68.22396,58.16419,19.382235,19.453344,48.36471,TIDAK SEHAT
2025-11-09_DKI4,2025-11-09,DKI4,49.848248,52.42999,31.744486,4.208579,42.004997,20.76185,SEDANG
2025-11-09_DKI5,2025-11-09,DKI5,65.23782,61.531574,17.911861,4.2994766,59.803825,31.758665,TIDAK SEHAT
2025-11-10_DKI1,2025-11-10,DKI1,43.53697,48.83857,37.417927,11.450164,13.981884,29.27717,SEDANG
2025-11-10_DKI2,2025-11-10,DKI2,79.760254,73.615875,38.901825,27.655775,30.696123,18.80356,TIDAK SEHAT
2025-11-10_DKI3,2025-11-10,DKI3,30.947706,71.344406,47.245556,13.813983,33.501976,45.001526,TIDAK SEHAT
2025-11-10_DKI4,2025-11-10,DKI4,46.557537,51.21545,33.357933,6.8167357,48.42687,27.116308,SEDANG
2025-11-10_DKI5,2025-11-10,DKI5,53.021824,70.23179,12.180046,9.76739,49.740776,28.728706,TIDAK SEHAT
2025-11-11_DKI1,2025-11-11,DKI1,45.20579,48.406532,35.26264,16.821072,9.487056,32.325283,SEDANG
2025-11-11_DKI2,2025-11-11,DKI2,74.14507,78.12704,41.3422,27.455626,18.412296,20.070795,TIDAK SEHAT
2025-11-11_DKI3,2025-11-11,DKI3,23.866173,73.37465,46.239037,17.815393,15.977354,48.262863,TIDAK SEHAT
2025-11-11_DKI4,2025-11-11,DKI4,42.206696,52.139362,37.943733,8.9559765,43.845352,28.864744,SEDANG
2025-11-11_DKI5,2025-11-11,DKI5,45.12017,65.48688,18.731579,6.2237115,77.34748,32.904522,TIDAK SEHAT
2025-11-12_DKI1,2025-11-12,DKI1,53.03122,54.56622,31.33783,18.676527,11.6786785,24.065794,SEDANG
2025-11-12_DKI2,2025-11-12,DKI2,78.55947,68.61102,39.726673,29.37883,20.338705,19.789658,TIDAK SEHAT
2025-11-12_DKI3,2025-11-12,DKI3,29.201773,64.748886,46.660305,16.953943,20.966171,53.329697,TIDAK SEHAT
2025-11-12_DKI4,2025-11-12,DKI4,44.019318,32.366405,39.981316,10.086487,38.577744,28.13101,SEDANG
2025-11-12_DKI5,2025-11-12,DKI5,33.40852,88.27146,19.837101,7.508819,82.59274,32.485584,TIDAK SEHAT
2025-11-13_DKI1,2025-11-13,DKI1,51.615875,72.64668,26.824205,17.180258,14.973867,22.825188,TIDAK SEHAT
2025-11-13_DKI2,2025-11-13,DKI2,84.529,83.07001,34.04066,27.692352,38.891224,16.146883,TIDAK SEHAT
2025-11-13_DKI3,2025-11-13,DKI3,40.47591,71.77677,47.792366,9.489801,8.151039,46.247284,TIDAK SEHAT
2025-11-13_DKI4,2025-11-13,DKI4,45.657555,58.047836,43.642895,5.2032075,22.86262,19.920635,TIDAK SEHAT
2025-11-13_DKI5,2025-11-13,DKI5,32.379402,100.77929,18.49421,6.167092,80.05242,37.60099,TIDAK SEHAT
2025-11-14_DKI1,2025-11-14,DKI1,58.943287,64.35726,29.494078,20.90573,9.093697,30.46154,TIDAK SEHAT
2025-11-14_DKI2,2025-11-14,DKI2,79.26457,87.99544,42.64024,30.88541,53.63858,16.987818,TIDAK SEHAT
2025-11-14_DKI3,2025-11-14,DKI3,44.766438,76.60525,45.12341,7.45386,14.383828,41.128822,TIDAK SEHAT
2025-11-14_DKI4,2025-11-14,DKI4,43.09107,54.594288,49.88098,8.241315,32.912807,15.949771,SEDANG
2025-11-14_DKI5,2025-11-14,DKI5,36.75724,83.60786,20.608559,5.9604006,71.23142,37.184944,TIDAK SEHAT
2025-11-15_DKI1,2025-11-15,DKI1,43.05028,64.726234,26.28544,23.314606,11.066536,36.712498,TIDAK SEHAT
2025-11-15_DKI2,2025-11-15,DKI2,84.11444,86.05502,36.708725,33.33064,54.759655,13.5897045,TIDAK SEHAT
2025-11-15_DKI3,2025-11-15,DKI3,34.91388,74.602516,39.873253,1.8096409,27.926384,36.360664,TIDAK SEHAT
2025-11-15_DKI4,2025-11-15,DKI4,40.97419,65.27352,52.640697,6.4161105,44.00547,20.749475,TIDAK SEHAT
2025-11-15_DKI5,2025-11-15,DKI5,44.915035,89.71573,24.619007,2.6371727,67.977,38.866932,TIDAK SEHAT
2025-11-16_DKI1,2025-11-16,DKI1,47.242622,57.63461,34.108955,26.540281,30.786465,40.39189,TIDAK SEHAT
2025-11-16_DKI2,2025-11-16,DKI2,85.520325,80.35007,31.834988,32.083496,46.13631,19.473127,TIDAK SEHAT
2025-11-16_DKI3,2025-11-16,DKI3,31.609587,63.199677,43.52009,3.1929517,18.003284,34.77268,TIDAK SEHAT
2025-11-16_DKI4,2025-11-16,DKI4,42.847523,64.81909,52.09265,3.1470108,47.745213,22.21381,TIDAK SEHAT
2025-11-16_DKI5,2025-11-16,DKI5,44.581306,93.094246,17.108093,0.0,65.65637,36.81166,TIDAK SEHAT
2025-11-17_DKI1,2025-11-17,DKI1,47.066483,58.13269,28.833267,18.350367,15.321694,42.559162,TIDAK SEHAT
2025-11-17_DKI2,2025-11-17,DKI2,88.98516,80.44163,29.68834,29.053349,63.32618,16.731941,TIDAK SEHAT
2025-11-17_DKI3,2025-11-17,DKI3,38.0467,53.254692,47.81317,9.068562,24.897646,36.830006,SEDANG
2025-11-17_DKI4,2025-11-17,DKI4,35.504173,74.248886,51.595276,2.2416031,53.311275,15.273794,TIDAK SEHAT
2025-11-17_DKI5,2025-11-17,DKI5,52.63523,81.60854,21.497133,0.0,70.091606,41.018795,TIDAK SEHAT
2025-11-18_DKI1,2025-11-18,DKI1,44.83323,57.542305,25.832247,18.510944,27.01534,38.189945,TIDAK SEHAT
2025-11-18_DKI2,2025-11-18,DKI2,97.879326,87.93362,28.574038,32.445023,57.037586,26.59732,TIDAK SEHAT
2025-11-18_DKI3,2025-11-18,DKI3,33.228344,57.35884,40.83321,20.084848,9.059432,33.12603,TIDAK SEHAT
2025-11-18_DKI4,2025-11-18,DKI4,29.113459,90.24924,50.66582,1.7889631,79.97306,14.814845,TIDAK SEHAT
2025-11-18_DKI5,2025-11-18,DKI5,43.714363,83.919586,22.874973,0.0,63.11061,41.767365,TIDAK SEHAT
2025-11-19_DKI1,2025-11-19,DKI1,44.92336,65.378,21.56684,24.364527,28.17848,36.652718,TIDAK SEHAT
2025-11-19_DKI2,2025-11-19,DKI2,94.371605,107.13619,33.604214,27.482397,42.423527,24.505768,TIDAK SEHAT
2025-11-19_DKI3,2025-11-19,DKI3,35.080135,53.45146,40.675526,21.388853,0.0,35.391674,SEDANG
2025-11-19_DKI4,2025-11-19,DKI4,27.064735,82.76075,52.161095,4.296737,78.617165,17.892515,TIDAK SEHAT
2025-11-19_DKI5,2025-11-19,DKI5,33.94821,78.1959,26.167591,0.0,68.49293,40.23276,TIDAK SEHAT
2025-11-20_DKI1,2025-11-20,DKI1,33.82978,73.54846,15.724068,29.368961,22.335855,39.410706,TIDAK SEHAT
2025-11-20_DKI2,2025-11-20,DKI2,88.4827,115.639305,36.366215,24.26647,58.146603,33.180107,TIDAK SEHAT
2025-11-20_DKI3,2025-11-20,DKI3,38.524605,51.925083,38.37658,17.473402,0.0,33.653244,SEDANG
2025-11-20_DKI4,2025-11-20,DKI4,27.934832,77.63257,50.92957,10.674714,86.22227,17.611412,TIDAK SEHAT
2025-11-20_DKI5,2025-11-20,DKI5,34.014442,83.86418,29.194742,0.0,63.025066,36.498856,TIDAK SEHAT
2025-11-21_DKI1,2025-11-21,DKI1,33.346558,74.477455,18.738443,27.41932,20.117125,39.316334,TIDAK SEHAT
2025-11-21_DKI2,2025-11-21,DKI2,82.45298,119.36552,35.031883,19.378801,46.592724,30.854132,TIDAK SEHAT
2025-11-21_DKI3,2025-11-21,DKI3,32.48011,43.782616,41.142216,12.822713,0.0,30.33399,SEDANG
2025-11-21_DKI4,2025-11-21,DKI4,31.535896,80.44687,51.541626,14.240664,90.42288,16.141306,TIDAK SEHAT
2025-11-21_DKI5,2025-11-21,DKI5,36.43661,74.181465,23.99585,0.0,63.920887,34.95711,TIDAK SEHAT
2025-11-22_DKI1,2025-11-22,DKI1,36.011406,73.11763,16.079092,23.771276,8.42011,40.876736,TIDAK SEHAT
2025-11-22_DKI2,2025-11-22,DKI2,77.42233,115.03915,38.16625,17.180151,49.37269,31.2895,TIDAK SEHAT
2025-11-22_DKI3,2025-11-22,DKI3,31.701658,51.91279,40.620117,8.043788,0.0,35.308414,SEDANG
2025-11-22_DKI4,2025-11-22,DKI4,41.034817,86.02634,48.375336,10.782981,77.15075,16.572695,TIDAK SEHAT
2025-11-22_DKI5,2025-11-22,DKI5,36.37682,65.32098,29.650291,0.0,50.762814,39.822254,TIDAK SEHAT
2025-11-23_DKI1,2025-11-23,DKI1,44.433056,82.19564,22.489433,19.656063,7.4856772,44.011593,TIDAK SEHAT
2025-11-23_DKI2,2025-11-23,DKI2,76.86471,120.56432,48.717556,21.098251,38.825764,29.718391,TIDAK SEHAT
2025-11-23_DKI3,2025-11-23,DKI3,13.901784,37.730408,35.075623,11.715123,0.0,36.622356,SEDANG
2025-11-23_DKI4,2025-11-23,DKI4,46.26423,85.009285,45.313213,11.247284,70.76127,18.92796,TIDAK SEHAT
2025-11-23_DKI5,2025-11-23,DKI5,25.387897,80.132545,33.502228,0.0,49.32816,41.10223,TIDAK SEHAT
2025-11-24_DKI1,2025-11-24,DKI1,41.284786,82.394325,23.222336,18.70727,0.0,42.937077,TIDAK SEHAT
2025-11-24_DKI2,2025-11-24,DKI2,78.61062,113.034096,49.994286,22.516306,36.62263,29.187439,TIDAK SEHAT
2025-11-24_DKI3,2025-11-24,DKI3,9.795816,39.569206,42.01494,11.993226,0.0,35.900402,SEDANG
2025-11-24_DKI4,2025-11-24,DKI4,45.50194,81.08143,46.365173,13.200533,62.22369,22.567904,TIDAK SEHAT
2025-11-24_DKI5,2025-11-24,DKI5,26.129736,78.82107,39.107105,1.431462,36.425846,41.643322,TIDAK SEHAT
2025-11-25_DKI1,2025-11-25,DKI1,36.89163,93.157616,15.254544,17.735191,0.0,40.699837,TIDAK SEHAT
2025-11-25_DKI2,2025-11-25,DKI2,79.83551,111.628075,50.46362,22.596178,42.434177,20.282204,TIDAK SEHAT
2025-11-25_DKI3,2025-11-25,DKI3,10.248346,44.414276,45.025234,10.496526,0.0,37.28056,SEDANG
2025-11-25_DKI4,2025-11-25,DKI4,45.573223,67.75633,43.292698,5.9382634,55.949196,24.784784,TIDAK SEHAT
2025-11-25_DKI5,2025-11-25,DKI5,20.265879,83.47825,33.424023,0.0,31.239912,35.241196,TIDAK SEHAT
2025-11-26_DKI1,2025-11-26,DKI1,34.586246,77.89706,12.699763,18.70795,0.0,38.97416,TIDAK SEHAT
2025-11-26_DKI2,2025-11-26,DKI2,83.89636,117.00492,53.085163,23.669481,29.655062,18.377558,TIDAK SEHAT
2025-11-26_DKI3,2025-11-26,DKI3,5.307154,50.80788,43.86923,8.83524,8.700357,33.09472,SEDANG
2025-11-26_DKI4,2025-11-26,DKI4,40.3518,67.55189,38.69944,0.0,36.351284,25.391037,TIDAK SEHAT
2025-11-26_DKI5,2025-11-26,DKI5,25.597809,89.349754,35.19318,0.32112092,35.162815,37.70035,TIDAK SEHAT
2025-11-27_DKI1,2025-11-27,DKI1,40.127476,91.21271,14.013695,17.33699,8.598961,39.461243,TIDAK SEHAT
2025-11-27_DKI2,2025-11-27,DKI2,83.17557,117.37857,48.241646,27.579277,30.122671,14.309455,TIDAK SEHAT
2025-11-27_DKI3,2025-11-27,DKI3,16.338776,55.535206,40.164062,5.4606767,11.8061,33.392494,TIDAK SEHAT
2025-11-27_DKI4,2025-11-27,DKI4,40.9408,58.518627,37.149803,0.0,30.34602,29.41939,TIDAK SEHAT
2025-11-27_DKI5,2025-11-27,DKI5,28.767769,85.76483,30.66471,1.277321,36.35762,40.13157,TIDAK SEHAT
2025-11-28_DKI1,2025-11-28,DKI1,41.96181,84.194405,20.958666,14.442939,5.568957,39.976234,TIDAK SEHAT
2025-11-28_DKI2,2025-11-28,DKI2,90.26854,107.64655,60.430454,24.925669,42.402435,14.627323,TIDAK SEHAT
2025-11-28_DKI3,2025-11-28,DKI3,9.808515,46.31396,36.13242,1.212928,10.371307,37.32346,SEDANG
2025-11-28_DKI4,2025-11-28,DKI4,40.01909,58.55976,38.016506,0.0,32.61481,26.222845,TIDAK SEHAT
2025-11-28_DKI5,2025-11-28,DKI5,24.599482,80.27677,25.27318,11.744526,45.01957,43.669765,TIDAK SEHAT
2025-11-29_DKI1,2025-11-29,DKI1,38.998917,74.16669,19.315886,13.3202,0.0,37.32011,TIDAK SEHAT
2025-11-29_DKI2,2025-11-29,DKI2,87.41834,92.0137,65.680695,25.75364,67.333496,13.665733,TIDAK SEHAT
2025-11-29_DKI3,2025-11-29,DKI3,9.252242,44.4055,36.677517,1.1553688,27.099842,31.670416,SEDANG
2025-11-29_DKI4,2025-11-29,DKI4,42.4752,68.17848,34.771976,0.0,52.50445,30.608223,TIDAK SEHAT
2025-11-29_DKI5,2025-11-29,DKI5,23.137493,82.69183,31.143534,8.713162,36.85814,41.89629,TIDAK SEHAT
2025-11-30_DKI1,2025-11-30,DKI1,41.937733,73.39017,18.721184,12.44198,0.0,30.218801,TIDAK SEHAT
2025-11-30_DKI2,2025-11-30,DKI2,100.894165,94.052826,61.065044,26.629515,73.71161,8.482678,TIDAK SEHAT
2025-11-30_DKI3,2025-11-30,DKI3,11.8191,40.05857,29.719666,3.0134766,43.346966,30.604635,SEDANG
2025-11-30_DKI4,2025-11-30,DKI4,38.505665,70.278206,41.527092,0.0,47.502453,26.556393,TIDAK SEHAT
2025-11-30_DKI5,2025-11-30,DKI5,18.890911,94.98099,27.6269,12.462606,30.456696,39.841347,TIDAK SEHAT
